nodes,source,target
"0,1",0,1
"0,2",0,2
"0,3",0,3
"0,4",0,4
"0,5",0,5
"1,0",1,0
"1,2",1,2
"1,4",1,4
"1,5",1,5
"1,15",1,15
"2,0",2,0
"2,11",2,11
"2,12",2,12
"2,13",2,13
"2,14",2,14
"3,63",3,63
"3,64",3,64
"3,65",3,65
"3,66",3,66
"3,67",3,67
"4,7",4,7
"4,16",4,16
"4,17",4,17
"4,18",4,18
"4,19",4,19
"5,6",5,6
"5,7",5,7
"5,8",5,8
"5,9",5,9
"5,10",5,10
"6,5",6,5
"6,7",6,7
"6,8",6,8
"6,9",6,9
"6,20",6,20
"7,5",7,5
"7,8",7,8
"7,9",7,9
"7,30",7,30
"7,290",7,290
"8,13",8,13
"8,21",8,21
"8,22",8,22
"8,23",8,23
"8,24",8,24
"10,5",10,5
"10,7",10,7
"10,137",10,137
"10,138",10,138
"10,139",10,139
"11,6",11,6
"11,9",11,9
"11,20",11,20
"11,25",11,25
"11,26",11,26
"12,260",12,260
"12,261",12,261
"12,262",12,262
"12,263",12,263
"12,264",12,264
"13,20",13,20
"13,21",13,21
"13,23",13,23
"13,140",13,140
"13,141",13,141
"14,13",14,13
"14,21",14,21
"14,27",14,27
"14,28",14,28
"14,29",14,29
"15,68",15,68
"15,69",15,69
"15,70",15,70
"15,71",15,71
"15,72",15,72
"16,4",16,4
"16,7",16,7
"16,19",16,19
"16,73",16,73
"16,75",16,75
"17,6",17,6
"17,7",17,7
"17,8",17,8
"17,30",17,30
"17,31",17,31
"18,32",18,32
"18,33",18,33
"18,34",18,34
"18,35",18,35
"18,36",18,36
"19,4",19,4
"19,16",19,16
"19,73",19,73
"19,74",19,74
"19,75",19,75
"20,6",20,6
"20,7",20,7
"20,8",20,8
"20,23",20,23
"20,30",20,30
"21,13",21,13
"21,23",21,23
"21,28",21,28
"21,77",21,77
"21,164",21,164
"22,8",22,8
"22,23",22,23
"22,37",22,37
"22,38",22,38
"22,39",22,39
"23,8",23,8
"23,13",23,13
"23,20",23,20
"23,111",23,111
"23,142",23,142
"24,40",24,40
"24,41",24,41
"24,42",24,42
"24,43",24,43
"24,44",24,44
"25,11",25,11
"25,45",25,45
"25,46",25,46
"25,47",25,47
"26,11",26,11
"26,265",26,265
"26,266",26,266
"26,267",26,267
"26,268",26,268
"27,13",27,13
"27,21",27,21
"27,76",27,76
"27,77",27,77
"27,78",27,78
"28,20",28,20
"28,79",28,79
"28,80",28,80
"28,81",28,81
"28,82",28,82
"29,143",29,143
"29,144",29,144
"29,145",29,145
"29,146",29,146
"29,147",29,147
"30,8",30,8
"30,9",30,9
"30,48",30,48
"30,49",30,49
"30,50",30,50
"31,9",31,9
"31,17",31,17
"31,83",31,83
"31,84",31,84
"31,85",31,85
"32,18",32,18
"32,51",32,51
"32,148",32,148
"32,149",32,149
"32,150",32,150
"33,56",33,56
"33,93",33,93
"33,94",33,94
"33,95",33,95
"33,151",33,151
"34,18",34,18
"34,32",34,32
"34,51",34,51
"34,52",34,52
"34,53",34,53
"35,18",35,18
"35,33",35,33
"35,54",35,54
"35,55",35,55
"35,56",35,56
"36,18",36,18
"36,152",36,152
"36,153",36,153
"36,154",36,154
"36,155",36,155
"37,8",37,8
"37,22",37,22
"37,23",37,23
"37,97",37,97
"37,269",37,269
"38,22",38,22
"38,270",38,270
"38,271",38,271
"38,272",38,272
"38,273",38,273
"39,22",39,22
"39,37",39,37
"39,38",39,38
"39,86",39,86
"39,87",39,87
"40,8",40,8
"40,24",40,24
"40,41",40,41
"40,42",40,42
"40,43",40,43
"41,24",41,24
"41,40",41,40
"41,42",41,42
"41,43",41,43
"41,44",41,44
"42,8",42,8
"42,24",42,24
"42,40",42,40
"42,41",42,41
"42,43",42,43
"43,24",43,24
"43,40",43,40
"43,41",43,41
"43,42",43,42
"43,44",43,44
"44,24",44,24
"44,40",44,40
"44,41",44,41
"44,42",44,42
"44,43",44,43
"45,11",45,11
"45,25",45,25
"45,46",45,46
"45,59",45,59
"45,88",45,88
"46,11",46,11
"46,25",46,25
"46,45",46,45
"46,59",46,59
"46,88",46,88
"47,11",47,11
"47,25",47,25
"47,57",47,57
"47,58",47,58
"47,59",47,59
"48,30",48,30
"48,49",48,49
"48,156",48,156
"48,157",48,157
"48,158",48,158
"49,30",49,30
"49,48",49,48
"49,156",49,156
"49,157",49,157
"49,158",49,158
"50,9",50,9
"50,30",50,30
"50,49",50,49
"50,89",50,89
"50,90",50,90
"51,18",51,18
"51,32",51,32
"51,34",51,34
"51,154",51,154
"51,274",51,274
"52,34",52,34
"52,275",52,275
"52,276",52,276
"52,277",52,277
"52,278",52,278
"53,35",53,35
"53,54",53,54
"53,60",53,60
"53,61",53,61
"53,62",53,62
"54,35",54,35
"54,53",54,53
"54,60",54,60
"54,84",54,84
"54,159",54,159
"55,35",55,35
"55,53",55,53
"55,54",55,54
"55,91",55,91
"55,92",55,92
"56,33",56,33
"56,93",56,93
"56,94",56,94
"56,95",56,95
"56,96",56,96
"57,11",57,11
"57,25",57,25
"57,47",57,47
"57,59",57,59
"57,88",57,88
"58,11",58,11
"58,25",58,25
"58,45",58,45
"58,47",58,47
"58,59",58,59
"59,11",59,11
"59,25",59,25
"59,45",59,45
"59,46",59,46
"59,88",59,88
"60,53",60,53
"60,54",60,54
"60,159",60,159
"60,160",60,160
"60,161",60,161
"61,35",61,35
"61,53",61,53
"61,159",61,159
"61,162",61,162
"61,163",61,163
"62,35",62,35
"62,53",62,53
"62,54",62,54
"62,60",62,60
"62,159",62,159
"63,30",63,30
"63,64",63,64
"63,97",63,97
"63,98",63,98
"63,99",63,99
"64,63",64,63
"64,66",64,66
"64,98",64,98
"64,279",64,279
"64,280",64,280
"65,63",65,63
"65,66",65,66
"65,99",65,99
"65,100",65,100
"65,101",65,101
"66,63",66,63
"66,64",66,64
"66,65",66,65
"66,418",66,418
"66,419",66,419
"67,30",67,30
"67,63",67,63
"67,98",67,98
"67,118",67,118
"67,281",67,281
"69,15",69,15
"69,72",69,72
"69,105",69,105
"69,106",69,106
"69,420",69,420
"70,15",70,15
"70,71",70,71
"70,102",70,102
"70,103",70,103
"70,421",70,421
"71,15",71,15
"71,70",71,70
"71,102",71,102
"71,103",71,103
"71,104",71,104
"72,15",72,15
"72,69",72,69
"72,105",72,105
"72,106",72,106
"72,107",72,107
"73,4",73,4
"73,16",73,16
"73,19",73,19
"73,74",73,74
"73,108",73,108
"74,4",74,4
"74,16",74,16
"74,19",74,19
"74,73",74,73
"74,282",74,282
"75,4",75,4
"75,16",75,16
"75,19",75,19
"75,109",75,109
"75,110",75,110
"76,121",76,121
"76,283",76,283
"76,284",76,284
"76,285",76,285
"76,286",76,286
"77,28",77,28
"77,422",77,422
"77,423",77,423
"77,424",77,424
"77,425",77,425
"78,20",78,20
"78,23",78,23
"78,111",78,111
"78,112",78,112
"78,113",78,113
"79,13",79,13
"79,28",79,28
"79,81",79,81
"79,82",79,82
"79,164",79,164
"80,8",80,8
"80,28",80,28
"80,82",80,82
"80,97",80,97
"80,426",80,426
"81,28",81,28
"81,285",81,285
"81,287",81,287
"81,288",81,288
"81,289",81,289
"82,80",82,80
"82,290",82,290
"82,291",82,291
"82,292",82,292
"82,293",82,293
"83,17",83,17
"83,31",83,31
"83,165",83,165
"83,166",83,166
"83,167",83,167
"84,18",84,18
"84,31",84,31
"84,54",84,54
"84,427",84,427
"84,428",84,428
"85,17",85,17
"85,31",85,31
"85,168",85,168
"85,169",85,169
"85,170",85,170
"86,22",86,22
"86,38",86,38
"86,39",86,39
"86,87",86,87
"86,171",86,171
"87,37",87,37
"87,39",87,39
"87,86",87,86
"87,114",87,114
"87,115",87,115
"88,11",88,11
"88,25",88,25
"88,45",88,45
"88,46",88,46
"88,59",88,59
"89,30",89,30
"89,49",89,49
"89,50",89,50
"89,90",89,90
"89,294",89,294
"90,48",90,48
"90,50",90,50
"90,89",90,89
"90,172",90,172
"90,173",90,173
"91,35",91,35
"91,55",91,55
"91,92",91,92
"91,295",91,295
"91,296",91,296
"92,35",92,35
"92,55",92,55
"92,91",92,91
"92,295",92,295
"92,296",92,296
"93,33",93,33
"93,56",93,56
"93,94",93,94
"93,95",93,95
"93,297",93,297
"95,33",95,33
"95,56",95,56
"95,93",95,93
"95,94",95,94
"95,429",95,429
"96,33",96,33
"96,56",96,56
"96,94",96,94
"96,95",96,95
"96,174",96,174
"97,8",97,8
"97,63",97,63
"97,100",97,100
"97,116",97,116
"97,117",97,117
"98,8",98,8
"98,30",98,30
"98,63",98,63
"98,118",98,118
"98,119",98,119
"99,8",99,8
"99,63",99,63
"99,175",99,175
"99,176",99,176
"99,177",99,177
"100,63",100,63
"100,97",100,97
"100,99",100,99
"100,307",100,307
"100,430",100,430
"101,63",101,63
"101,65",101,65
"101,99",101,99
"101,100",101,100
"101,298",101,298
"102,70",102,70
"102,71",102,71
"102,103",102,103
"102,178",102,178
"102,179",102,179
"103,14",103,14
"103,28",103,28
"103,70",103,70
"103,120",103,120
"103,121",103,121
"104,71",104,71
"104,102",104,102
"104,178",104,178
"104,179",104,179
"104,299",104,299
"105,15",105,15
"105,69",105,69
"105,72",105,72
"105,106",105,106
"105,122",105,122
"106,69",106,69
"106,72",106,72
"106,105",106,105
"106,122",106,122
"106,134",106,134
"107,15",107,15
"107,72",107,72
"107,105",107,105
"107,300",107,300
"107,301",107,301
"108,123",108,123
"108,124",108,124
"108,125",108,125
"108,126",108,126
"108,127",108,127
"109,4",109,4
"109,16",109,16
"109,19",109,19
"109,75",109,75
"109,180",109,180
"110,4",110,4
"110,75",110,75
"110,109",110,109
"110,180",110,180
"110,431",110,431
"111,20",111,20
"111,78",111,78
"111,112",111,112
"111,181",111,181
"111,182",111,182
"112,8",112,8
"112,20",112,20
"112,111",112,111
"112,182",112,182
"112,183",112,183
"113,78",113,78
"113,111",113,111
"113,128",113,128
"113,129",113,129
"113,130",113,130
"114,115",114,115
"114,432",114,432
"114,433",114,433
"114,434",114,434
"114,435",114,435
"115,8",115,8
"115,37",115,37
"115,114",115,114
"115,302",115,302
"115,303",115,303
"116,33",116,33
"116,56",116,56
"116,93",116,93
"116,97",116,97
"116,436",116,436
"117,97",117,97
"117,100",117,100
"117,131",117,131
"117,132",117,132
"117,133",117,133
"118,9",118,9
"118,30",118,30
"118,67",118,67
"118,98",118,98
"118,119",118,119
"119,98",119,98
"119,118",119,118
"119,184",119,184
"119,185",119,185
"119,186",119,186
"120,68",120,68
"120,103",120,103
"120,437",120,437
"120,438",120,438
"120,439",120,439
"121,284",121,284
"121,285",121,285
"121,304",121,304
"121,305",121,305
"121,306",121,306
"122,69",122,69
"122,72",122,72
"122,105",122,105
"122,106",122,106
"122,134",122,134
"123,7",123,7
"123,108",123,108
"123,124",123,124
"123,125",123,125
"123,127",123,127
"124,123",124,123
"124,125",124,125
"124,126",124,126
"124,127",124,127
"124,135",124,135
"125,123",125,123
"125,124",125,124
"125,127",125,127
"125,135",125,135
"125,136",125,136
"126,124",126,124
"126,125",126,125
"126,127",126,127
"126,135",126,135
"126,440",126,440
"127,124",127,124
"127,125",127,125
"127,126",127,126
"127,135",127,135
"127,136",127,136
"128,78",128,78
"128,113",128,113
"128,129",128,129
"128,130",128,130
"128,187",128,187
"129,78",129,78
"129,113",129,113
"129,128",129,128
"129,130",129,130
"129,188",129,188
"130,78",130,78
"130,113",130,113
"130,128",130,128
"130,129",130,129
"130,441",130,441
"131,99",131,99
"131,100",131,100
"131,117",131,117
"131,307",131,307
"131,308",131,308
"132,117",132,117
"132,133",132,133
"132,189",132,189
"132,190",132,190
"132,191",132,191
"133,189",133,189
"133,190",133,190
"133,192",133,192
"133,193",133,193
"133,194",133,194
"134,72",134,72
"134,105",134,105
"134,106",134,106
"134,122",134,122
"134,195",134,195
"135,125",135,125
"135,127",135,127
"135,136",135,136
"135,196",135,196
"135,197",135,197
"136,124",136,124
"136,125",136,125
"136,126",136,126
"136,127",136,127
"136,135",136,135
"137,7",137,7
"137,10",137,10
"137,138",137,138
"137,139",137,139
"137,160",137,160
"139,5",139,5
"139,7",139,7
"139,9",139,9
"139,10",139,10
"139,137",139,137
"140,13",140,13
"140,141",140,141
"140,198",140,198
"140,199",140,199
"140,200",140,200
"141,13",141,13
"141,23",141,23
"141,140",141,140
"141,198",141,198
"141,442",141,442
"142,20",142,20
"142,23",142,23
"142,201",142,201
"142,202",142,202
"142,203",142,203
"143,29",143,29
"143,144",143,144
"143,145",143,145
"143,146",143,146
"143,147",143,147
"144,29",144,29
"144,143",144,143
"144,145",144,145
"144,146",144,146
"144,147",144,147
"145,29",145,29
"145,143",145,143
"145,147",145,147
"145,309",145,309
"145,310",145,310
"146,29",146,29
"146,143",146,143
"146,147",146,147
"146,443",146,443
"146,444",146,444
"147,603",147,603
"147,604",147,604
"147,605",147,605
"147,606",147,606
"147,607",147,607
"148,18",148,18
"148,302",148,302
"148,303",148,303
"148,445",148,445
"148,446",148,446
"149,608",149,608
"149,609",149,609
"149,610",149,610
"149,611",149,611
"149,612",149,612
"150,99",150,99
"150,204",150,204
"150,205",150,205
"150,206",150,206
"150,207",150,207
"151,93",151,93
"151,429",151,429
"151,447",151,447
"151,448",151,448
"151,449",151,449
"152,18",152,18
"152,34",152,34
"152,35",152,35
"152,36",152,36
"152,311",152,311
"153,18",153,18
"153,36",153,36
"153,155",153,155
"153,208",153,208
"153,209",153,209
"154,5",154,5
"154,6",154,6
"154,7",154,7
"154,20",154,20
"154,210",154,210
"155,18",155,18
"155,36",155,36
"155,154",155,154
"155,613",155,613
"155,614",155,614
"156,30",156,30
"156,48",156,48
"156,49",156,49
"156,367",156,367
"156,615",156,615
"157,30",157,30
"157,48",157,48
"157,49",157,49
"157,211",157,211
"157,212",157,212
"158,48",158,48
"158,450",158,450
"158,451",158,451
"158,452",158,452
"158,453",158,453
"159,34",159,34
"159,35",159,35
"159,54",159,54
"159,60",159,60
"159,160",159,160
"160,7",160,7
"160,60",160,60
"160,161",160,161
"160,312",160,312
"160,313",160,313
"161,60",161,60
"161,160",161,160
"161,312",161,312
"161,314",161,314
"161,315",161,315
"162,35",162,35
"162,53",162,53
"162,61",162,61
"162,163",162,163
"162,616",162,616
"163,53",163,53
"163,54",163,54
"163,60",163,60
"163,61",163,61
"163,162",163,162
"164,8",164,8
"164,228",164,228
"164,454",164,454
"164,455",164,455
"164,456",164,456
"165,83",165,83
"165,166",165,166
"165,167",165,167
"165,617",165,617
"165,618",165,618
"166,83",166,83
"166,165",166,165
"166,167",166,167
"166,617",166,617
"166,619",166,619
"167,54",167,54
"167,165",167,165
"167,166",167,166
"167,457",167,457
"167,458",167,458
"168,9",168,9
"168,17",168,17
"168,31",168,31
"168,85",168,85
"168,169",168,169
"169,17",169,17
"169,31",169,31
"169,85",169,85
"169,168",169,168
"169,459",169,459
"170,213",170,213
"170,214",170,214
"170,215",170,215
"170,216",170,216
"170,217",170,217
"171,22",171,22
"171,38",171,38
"171,39",171,39
"171,86",171,86
"171,87",171,87
"172,48",172,48
"172,90",172,90
"172,173",172,173
"172,460",172,460
"172,461",172,461
"173,172",173,172
"173,316",173,316
"173,317",173,317
"173,318",173,318
"173,319",173,319
"174,33",174,33
"174,56",174,56
"174,94",174,94
"174,95",174,95
"174,96",174,96
"175,63",175,63
"175,99",175,99
"175,100",175,100
"175,177",175,177
"175,307",175,307
"176,6",176,6
"176,8",176,8
"176,99",176,99
"176,462",176,462
"176,463",176,463
"177,63",177,63
"177,99",177,99
"177,100",177,100
"177,175",177,175
"177,218",177,218
"178,15",178,15
"178,102",178,102
"178,104",178,104
"178,179",178,179
"178,299",178,299
"179,71",179,71
"179,102",179,102
"179,104",179,104
"179,178",179,178
"179,299",179,299
"180,4",180,4
"180,19",180,19
"180,75",180,75
"180,109",180,109
"180,110",180,110
"181,78",181,78
"181,111",181,111
"181,112",181,112
"181,201",181,201
"181,319",181,319
"182,8",182,8
"182,20",182,20
"182,111",182,111
"182,112",182,112
"182,183",182,183
"183,13",183,13
"183,21",183,21
"183,23",183,23
"183,78",183,78
"183,81",183,81
"184,98",184,98
"184,118",184,118
"184,119",184,119
"184,185",184,185
"184,320",184,320
"185,98",185,98
"185,118",185,118
"185,119",185,119
"185,184",185,184
"185,320",185,320
"186,98",186,98
"186,149",186,149
"186,464",186,464
"186,465",186,465
"186,466",186,466
"187,78",187,78
"187,113",187,113
"187,128",187,128
"187,321",187,321
"187,322",187,322
"188,219",188,219
"188,220",188,220
"188,221",188,221
"188,222",188,222
"188,223",188,223
"189,132",189,132
"189,133",189,133
"189,190",189,190
"189,620",189,620
"189,621",189,621
"190,133",190,133
"190,189",190,189
"190,467",190,467
"190,468",190,468
"190,469",190,469
"191,194",191,194
"191,469",191,469
"191,470",191,470
"191,622",191,622
"191,623",191,623
"192,133",192,133
"192,193",192,193
"192,224",192,224
"192,225",192,225
"192,226",192,226
"193,8",193,8
"193,97",193,97
"193,133",193,133
"193,192",193,192
"193,224",193,224
"194,93",194,93
"194,297",194,297
"194,470",194,470
"194,471",194,471
"194,472",194,472
"195,624",195,624
"195,625",195,625
"195,626",195,626
"195,627",195,627
"195,628",195,628
"196,14",196,14
"196,28",196,28
"196,449",196,449
"196,629",196,629
"196,630",196,630
"197,227",197,227
"197,228",197,228
"197,229",197,229
"197,230",197,230
"197,231",197,231
"198,13",198,13
"198,140",198,140
"198,141",198,141
"198,199",198,199
"198,232",198,232
"199,13",199,13
"199,140",199,140
"199,141",199,141
"199,198",199,198
"199,232",199,232
"200,631",200,631
"200,632",200,632
"200,633",200,633
"200,634",200,634
"200,635",200,635
"201,23",201,23
"201,78",201,78
"201,111",201,111
"201,181",201,181
"201,636",201,636
"202,20",202,20
"202,23",202,23
"202,142",202,142
"202,637",202,637
"202,638",202,638
"203,141",203,141
"203,142",203,142
"203,202",203,202
"203,269",203,269
"203,473",203,473
"204,150",204,150
"204,234",204,234
"204,247",204,247
"204,346",204,346
"204,491",204,491
"205,150",205,150
"205,206",205,206
"205,207",205,207
"205,639",205,639
"205,640",205,640
"206,150",206,150
"206,205",206,205
"206,207",206,207
"206,233",206,233
"206,234",206,234
"207,205",207,205
"207,206",207,206
"207,346",207,346
"207,641",207,641
"207,642",207,642
"208,18",208,18
"208,36",208,36
"208,153",208,153
"208,155",208,155
"208,209",208,209
"209,18",209,18
"209,36",209,36
"209,153",209,153
"209,155",209,155
"209,208",209,208
"210,7",210,7
"210,8",210,8
"210,20",210,20
"210,481",210,481
"210,608",210,608
"211,48",211,48
"211,157",211,157
"211,212",211,212
"211,643",211,643
"211,644",211,644
"212,112",212,112
"212,645",212,645
"212,646",212,646
"212,647",212,647
"212,648",212,648
"213,17",213,17
"213,161",213,161
"213,170",213,170
"213,314",213,314
"213,474",213,474
"214,170",214,170
"214,216",214,216
"214,649",214,649
"214,650",214,650
"214,651",214,651
"215,170",215,170
"215,323",215,323
"215,324",215,324
"215,325",215,325
"215,326",215,326
"216,170",216,170
"216,217",216,217
"216,475",216,475
"216,476",216,476
"216,477",216,477
"217,216",217,216
"217,327",217,327
"217,328",217,328
"217,329",217,329
"217,330",217,330
"218,99",218,99
"218,175",218,175
"218,177",218,177
"218,652",218,652
"218,653",218,653
"219,121",219,121
"219,188",219,188
"219,220",219,220
"219,237",219,237
"219,478",219,478
"221,222",221,222
"221,235",221,235
"221,236",221,236
"221,237",221,237
"221,249",221,249
"222,219",222,219
"222,221",222,221
"222,235",222,235
"222,236",222,236
"222,237",222,237
"223,112",223,112
"223,220",223,220
"223,238",223,238
"223,239",223,239
"223,240",223,240
"224,33",224,33
"224,56",224,56
"224,93",224,93
"224,193",224,193
"224,331",224,331
"225,192",225,192
"225,193",225,193
"225,654",225,654
"225,655",225,655
"225,656",225,656
"226,8",226,8
"226,241",226,241
"226,242",226,242
"226,243",226,243
"226,244",226,244
"227,380",227,380
"227,657",227,657
"227,658",227,658
"227,659",227,659
"227,660",227,660
"228,8",228,8
"228,290",228,290
"228,334",228,334
"228,455",228,455
"228,479",228,479
"229,197",229,197
"229,227",229,227
"229,332",229,332
"229,333",229,333
"229,334",229,334
"230,333",230,333
"230,335",230,335
"230,336",230,336
"230,337",230,337
"230,338",230,338
"231,480",231,480
"231,481",231,481
"231,482",231,482
"231,483",231,483
"231,484",231,484
"232,13",232,13
"232,23",232,23
"232,140",232,140
"232,198",232,198
"232,245",232,245
"233,206",233,206
"233,234",233,234
"233,248",233,248
"233,661",233,661
"233,662",233,662
"234,204",234,204
"234,206",234,206
"234,246",234,246
"234,247",234,247
"234,248",234,248
"235,76",235,76
"235,78",235,78
"235,121",235,121
"235,222",235,222
"235,237",235,237
"236,221",236,221
"236,222",236,222
"236,235",236,235
"236,237",236,237
"236,249",236,249
"237,28",237,28
"237,76",237,76
"237,78",237,78
"237,81",237,81
"237,222",237,222
"238,339",238,339
"238,340",238,340
"238,341",238,341
"238,342",238,342
"238,343",238,343
"239,223",239,223
"239,238",239,238
"239,240",239,240
"239,339",239,339
"239,485",239,485
"240,223",240,223
"240,238",240,238
"240,249",240,249
"240,485",240,485
"240,663",240,663
"242,226",242,226
"242,241",242,241
"242,244",242,244
"242,486",242,486
"242,487",242,487
"243,33",243,33
"243,93",243,93
"243,488",243,488
"243,489",243,489
"243,490",243,490
"244,241",244,241
"244,250",244,250
"244,251",244,251
"244,252",244,252
"244,253",244,253
"245,198",245,198
"245,232",245,232
"245,254",245,254
"245,255",245,255
"245,256",245,256
"246,204",246,204
"246,234",246,234
"246,248",246,248
"246,491",246,491
"246,492",246,492
"247,150",247,150
"247,204",247,204
"247,234",247,234
"247,257",247,257
"247,258",247,258
"248,108",248,108
"248,234",248,234
"248,344",248,344
"248,345",248,345
"248,346",248,346
"249,220",249,220
"249,223",249,223
"249,238",249,238
"249,343",249,343
"249,493",249,493
"250,241",250,241
"250,244",250,244
"250,251",250,251
"250,252",250,252
"250,494",250,494
"251,241",251,241
"251,244",251,244
"251,250",251,250
"251,252",251,252
"251,347",251,347
"252,241",252,241
"252,244",252,244
"252,251",252,251
"252,347",252,347
"252,664",252,664
"253,241",253,241
"253,244",253,244
"253,251",253,251
"253,252",253,252
"253,347",253,347
"254,13",254,13
"254,232",254,232
"254,245",254,245
"254,256",254,256
"254,259",254,259
"255,198",255,198
"255,199",255,199
"255,232",255,232
"255,254",255,254
"255,348",255,348
"256,199",256,199
"256,232",256,232
"256,254",256,254
"256,259",256,259
"256,348",256,348
"257,150",257,150
"257,204",257,204
"257,247",257,247
"257,258",257,258
"257,495",257,495
"258,419",258,419
"258,496",258,496
"258,497",258,497
"258,498",258,498
"258,499",258,499
"259,232",259,232
"259,254",259,254
"259,255",259,255
"259,256",259,256
"259,348",259,348
"260,12",260,12
"260,261",260,261
"260,262",260,262
"260,263",260,263
"260,665",260,665
"261,12",261,12
"261,260",261,260
"261,262",261,262
"261,264",261,264
"261,666",261,666
"262,12",262,12
"262,260",262,260
"262,264",262,264
"262,665",262,665
"262,666",262,666
"263,12",263,12
"263,260",263,260
"263,262",263,262
"263,665",263,665
"263,666",263,666
"264,12",264,12
"264,262",264,262
"264,263",264,263
"264,665",264,665
"264,666",264,666
"265,11",265,11
"265,26",265,26
"265,349",265,349
"265,500",265,500
"265,501",265,501
"266,11",266,11
"266,26",266,26
"266,267",266,267
"266,268",266,268
"266,502",266,502
"267,11",267,11
"267,26",267,26
"267,266",267,266
"267,268",267,268
"267,349",267,349
"268,266",268,266
"268,349",268,349
"268,382",268,382
"268,384",268,384
"268,385",268,385
"269,22",269,22
"269,23",269,23
"269,28",269,28
"269,37",269,37
"269,111",269,111
"270,38",270,38
"270,271",270,271
"270,272",270,272
"270,273",270,273
"270,351",270,351
"271,38",271,38
"271,114",271,114
"271,270",271,270
"271,272",271,272
"271,503",271,503
"273,38",273,38
"273,270",273,270
"273,272",273,272
"273,350",273,350
"273,351",273,351
"274,34",274,34
"274,51",274,51
"274,1120",274,1120
"274,1121",274,1121
"274,1122",274,1122
"275,34",275,34
"275,52",275,52
"275,276",275,276
"275,278",275,278
"275,352",275,352
"276,34",276,34
"276,52",276,52
"276,275",276,275
"276,352",276,352
"276,667",276,667
"277,34",277,34
"277,52",277,52
"277,275",277,275
"277,276",277,276
"277,278",277,278
"278,34",278,34
"278,52",278,52
"278,275",278,275
"278,352",278,352
"278,668",278,668
"279,669",279,669
"279,670",279,670
"279,671",279,671
"279,672",279,672
"279,673",279,673
"280,294",280,294
"280,674",280,674
"280,675",280,675
"280,676",280,676
"280,677",280,677
"281,67",281,67
"281,867",281,867
"281,1123",281,1123
"281,1124",281,1124
"281,1125",281,1125
"282,4",282,4
"282,74",282,74
"282,1126",282,1126
"282,1127",282,1127
"282,1128",282,1128
"283,76",283,76
"283,284",283,284
"283,1129",283,1129
"283,1130",283,1130
"283,1131",283,1131
"284,76",284,76
"284,121",284,121
"284,285",284,285
"284,305",284,305
"284,306",284,306
"285,76",285,76
"285,121",285,121
"285,284",285,284
"285,306",285,306
"285,353",285,353
"286,76",286,76
"286,284",286,284
"286,354",286,354
"286,355",286,355
"286,356",286,356
"288,81",288,81
"288,285",288,285
"288,353",288,353
"288,354",288,354
"288,357",288,357
"290,7",290,7
"290,8",290,8
"290,455",290,455
"290,504",290,504
"290,505",290,505
"291,82",291,82
"291,164",291,164
"291,292",291,292
"291,358",291,358
"291,678",291,678
"292,82",292,82
"292,290",292,290
"292,291",292,291
"292,293",292,293
"292,358",292,358
"293,82",293,82
"293,290",293,290
"293,291",293,291
"293,292",293,292
"293,358",293,358
"294,30",294,30
"294,48",294,48
"294,346",294,346
"294,367",294,367
"294,368",294,368
"295,35",295,35
"295,54",295,54
"295,91",295,91
"295,92",295,92
"295,296",295,296
"296,35",296,35
"296,91",296,91
"296,92",296,92
"296,295",296,295
"296,506",296,506
"298,63",298,63
"298,359",298,359
"298,360",298,360
"298,361",298,361
"298,362",298,362
"299,15",299,15
"299,104",299,104
"299,178",299,178
"299,179",299,179
"299,507",299,507
"301,15",301,15
"301,107",301,107
"301,508",301,508
"301,509",301,509
"301,510",301,510
"302,8",302,8
"302,210",302,210
"302,479",302,479
"302,481",302,481
"302,511",302,511
"303,21",303,21
"303,23",303,23
"303,363",303,363
"303,364",303,364
"303,365",303,365
"305,28",305,28
"305,76",305,76
"305,78",305,78
"305,81",305,81
"305,679",305,679
"306,76",306,76
"306,121",306,121
"306,284",306,284
"306,285",306,285
"306,353",306,353
"307,63",307,63
"307,97",307,97
"307,100",307,100
"307,308",307,308
"307,1132",307,1132
"308,63",308,63
"308,99",308,99
"308,100",308,100
"308,307",308,307
"308,366",308,366
"309,29",309,29
"309,143",309,143
"309,145",309,145
"309,147",309,147
"309,310",309,310
"310,145",310,145
"310,147",310,147
"310,1133",310,1133
"310,1134",310,1134
"310,1135",310,1135
"311,18",311,18
"311,152",311,152
"311,680",311,680
"311,681",311,681
"311,682",311,682
"313,7",313,7
"313,8",313,8
"313,160",313,160
"313,683",313,683
"313,684",313,684
"314,160",314,160
"314,161",314,161
"314,312",314,312
"314,313",314,313
"314,512",314,512
"315,8",315,8
"315,450",315,450
"315,685",315,685
"315,686",315,686
"315,687",315,687
"316,346",316,346
"316,405",316,405
"316,1136",316,1136
"316,1137",316,1137
"316,1138",316,1138
"317,987",317,987
"317,1046",317,1046
"317,1047",317,1047
"317,1048",317,1048
"317,1049",317,1049
"318,346",318,346
"318,367",318,367
"318,368",318,368
"318,369",318,369
"318,370",318,370
"319,111",319,111
"319,158",319,158
"319,181",319,181
"319,1139",319,1139
"319,1140",319,1140
"320,98",320,98
"320,118",320,118
"320,119",320,119
"320,184",320,184
"320,185",320,185
"321,78",321,78
"321,113",321,113
"321,128",321,128
"321,187",321,187
"321,322",321,322
"322,23",322,23
"322,78",322,78
"322,187",322,187
"322,321",322,321
"322,1141",322,1141
"324,215",324,215
"324,513",324,513
"324,514",324,514
"324,515",324,515
"324,516",324,516
"325,215",325,215
"325,323",325,323
"325,371",325,371
"325,372",325,372
"325,373",325,373
"326,215",326,215
"326,1142",326,1142
"326,1143",326,1143
"326,1144",326,1144
"326,1145",326,1145
"327,329",327,329
"327,688",327,688
"327,689",327,689
"327,690",327,690
"327,691",327,691
"329,217",329,217
"329,327",329,327
"329,688",329,688
"329,1146",329,1146
"329,1147",329,1147
"330,217",330,217
"330,374",330,374
"330,375",330,375
"330,376",330,376
"330,377",330,377
"331,33",331,33
"331,93",331,93
"331,151",331,151
"331,517",331,517
"331,518",331,518
"332,227",332,227
"332,378",332,378
"332,379",332,379
"332,380",332,380
"332,381",332,381
"333,336",333,336
"333,338",333,338
"333,342",333,342
"333,479",333,479
"333,481",333,481
"334,228",334,228
"334,455",334,455
"334,479",334,479
"334,481",334,481
"334,1148",334,1148
"335,230",335,230
"335,337",335,337
"335,1149",335,1149
"335,1150",335,1150
"335,1151",335,1151
"336,479",336,479
"336,480",336,480
"336,481",336,481
"336,785",336,785
"336,1152",336,1152
"337,303",337,303
"337,1153",337,1153
"337,1154",337,1154
"337,1155",337,1155
"337,1156",337,1156
"338,333",338,333
"338,336",338,336
"338,479",338,479
"338,1152",338,1152
"338,1157",338,1157
"339,223",339,223
"339,238",339,238
"339,239",339,239
"339,519",339,519
"339,520",339,520
"340,692",340,692
"340,693",340,693
"340,694",340,694
"340,695",340,695
"340,696",340,696
"341,521",341,521
"341,522",341,522
"341,523",341,523
"341,524",341,524
"341,525",341,525
"342,479",342,479
"342,481",342,481
"342,696",342,696
"342,885",342,885
"342,1158",342,1158
"343,238",343,238
"343,240",343,240
"343,249",343,249
"343,493",343,493
"343,697",343,697
"344,526",344,526
"344,527",344,527
"344,528",344,528
"344,529",344,529
"344,530",344,530
"345,63",345,63
"345,99",345,99
"345,346",345,346
"345,481",345,481
"345,837",345,837
"346,30",346,30
"346,367",346,367
"346,368",346,368
"346,369",346,369
"346,405",346,405
"347,241",347,241
"347,244",347,244
"347,251",347,251
"347,252",347,252
"347,487",347,487
"348,198",348,198
"348,232",348,232
"348,254",348,254
"348,255",348,255
"348,256",348,256
"349,268",349,268
"349,382",349,382
"349,383",349,383
"349,384",349,384
"349,385",349,385
"350,698",350,698
"350,699",350,699
"350,700",350,700
"350,701",350,701
"350,702",350,702
"352,34",352,34
"352,52",352,52
"352,275",352,275
"352,276",352,276
"352,278",352,278
"353,111",353,111
"353,284",353,284
"353,285",353,285
"353,386",353,386
"353,387",353,387
"354,284",354,284
"354,285",354,285
"354,286",354,286
"354,288",354,288
"354,357",354,357
"355,112",355,112
"355,286",355,286
"355,342",355,342
"355,703",355,703
"355,704",355,704
"356,286",356,286
"356,304",356,304
"356,531",356,531
"356,532",356,532
"356,533",356,533
"357,13",357,13
"357,76",357,76
"357,78",357,78
"357,81",357,81
"357,82",357,82
"358,290",358,290
"358,292",358,292
"358,678",358,678
"358,705",358,705
"358,706",358,706
"359,100",359,100
"359,307",359,307
"359,971",359,971
"359,1043",359,1043
"359,1159",359,1159
"360,186",360,186
"360,465",360,465
"360,534",360,534
"360,535",360,535
"360,536",360,536
"361,298",361,298
"361,362",361,362
"361,366",361,366
"361,388",361,388
"361,389",361,389
"362,99",362,99
"362,100",362,100
"362,307",362,307
"362,445",362,445
"362,1160",362,1160
"363,707",363,707
"363,708",363,708
"363,709",363,709
"363,710",363,710
"363,711",363,711
"364,303",364,303
"364,365",364,365
"364,390",364,390
"364,391",364,391
"364,392",364,392
"365,303",365,303
"365,364",365,364
"365,390",365,390
"365,391",365,391
"365,392",365,392
"366,63",366,63
"366,98",366,98
"366,99",366,99
"366,100",366,100
"366,279",366,279
"367,30",367,30
"367,49",367,49
"367,346",367,346
"367,368",367,368
"367,369",367,369
"368,30",368,30
"368,156",368,156
"368,346",368,346
"368,367",368,367
"368,393",368,393
"369,346",369,346
"369,367",369,367
"369,368",369,368
"369,394",369,394
"369,395",369,395
"370,346",370,346
"370,367",370,367
"370,368",370,368
"370,396",370,396
"370,397",370,397
"371,325",371,325
"371,717",371,717
"371,893",371,893
"371,1145",371,1145
"371,1161",371,1161
"372,67",372,67
"372,366",372,366
"372,398",372,398
"372,399",372,399
"372,400",372,400
"373,712",373,712
"373,713",373,713
"373,714",373,714
"373,715",373,715
"373,716",373,716
"374,317",374,317
"374,330",374,330
"374,717",374,717
"374,718",374,718
"374,719",374,719
"375,217",375,217
"375,323",375,323
"375,330",375,330
"375,374",375,374
"375,401",375,401
"376,112",376,112
"376,537",376,537
"376,538",376,538
"376,539",376,539
"376,540",376,540
"377,330",377,330
"377,720",377,720
"377,721",377,721
"377,722",377,722
"377,723",377,723
"378,332",378,332
"378,379",378,379
"378,594",378,594
"378,724",378,724
"378,725",378,725
"379,332",379,332
"379,378",379,378
"379,785",379,785
"379,900",379,900
"379,1162",379,1162
"380,227",380,227
"380,657",380,657
"380,659",380,659
"380,660",380,660
"380,1163",380,1163
"381,332",381,332
"381,854",381,854
"381,1164",381,1164
"381,1165",381,1165
"381,1166",381,1166
"382,268",382,268
"382,349",382,349
"382,383",382,383
"382,384",382,384
"382,385",382,385
"383,268",383,268
"383,349",383,349
"383,382",383,382
"383,384",383,384
"383,545",383,545
"384,268",384,268
"384,349",384,349
"384,382",384,382
"384,383",384,383
"384,385",384,385
"385,268",385,268
"385,349",385,349
"385,382",385,382
"385,383",385,383
"385,402",385,402
"386,28",386,28
"386,76",386,76
"386,81",386,81
"386,353",386,353
"386,541",386,541
"387,284",387,284
"387,285",387,285
"387,306",387,306
"387,353",387,353
"387,386",387,386
"388,63",388,63
"388,298",388,298
"388,361",388,361
"388,366",388,366
"388,389",388,389
"389,63",389,63
"389,97",389,97
"389,99",389,99
"389,361",389,361
"389,1167",389,1167
"390,303",390,303
"390,364",390,364
"390,365",390,365
"390,391",390,391
"390,392",390,392
"391,303",391,303
"391,364",391,364
"391,365",391,365
"391,403",391,403
"391,404",391,404
"392,303",392,303
"392,364",392,364
"392,365",392,365
"392,390",392,390
"392,391",392,391
"393,294",393,294
"393,346",393,346
"393,367",393,367
"393,368",393,368
"393,412",393,412
"394,346",394,346
"394,367",394,367
"394,368",394,368
"394,369",394,369
"394,395",394,395
"395,294",395,294
"395,346",395,346
"395,367",395,367
"395,369",395,369
"395,394",395,394
"396,346",396,346
"396,370",396,370
"396,405",396,405
"396,406",396,406
"396,407",396,407
"397,346",397,346
"397,367",397,367
"397,368",397,368
"397,369",397,369
"397,411",397,411
"398,346",398,346
"398,372",398,372
"398,542",398,542
"398,543",398,543
"398,544",398,544
"400,372",400,372
"400,399",400,399
"400,1168",400,1168
"400,1169",400,1169
"400,1170",400,1170
"401,375",401,375
"401,726",401,726
"401,727",401,727
"401,728",401,728
"401,729",401,729
"402,11",402,11
"402,26",402,26
"402,268",402,268
"402,545",402,545
"402,546",402,546
"403,342",403,342
"403,1171",403,1171
"403,1172",403,1172
"403,1173",403,1173
"403,1174",403,1174
"404,80",404,80
"404,403",404,403
"404,408",404,408
"404,409",404,409
"404,410",404,410
"405,316",405,316
"405,346",405,346
"405,398",405,398
"405,411",405,411
"405,412",405,412
"406,370",406,370
"406,396",406,396
"406,405",406,405
"406,1175",406,1175
"406,1176",406,1176
"407,413",407,413
"407,414",407,414
"407,415",407,415
"407,416",407,416
"407,417",407,417
"408,404",408,404
"408,409",408,409
"408,733",408,733
"408,1177",408,1177
"408,1178",408,1178
"409,410",409,410
"409,730",409,730
"409,731",409,731
"409,732",409,732
"409,733",409,733
"410,409",410,409
"410,730",410,730
"410,731",410,731
"410,732",410,732
"410,733",410,733
"411,294",411,294
"411,346",411,346
"411,397",411,397
"411,405",411,405
"411,412",411,412
"412,156",412,156
"412,368",412,368
"412,393",412,393
"412,405",412,405
"412,547",412,547
"413,548",413,548
"413,549",413,549
"413,550",413,550
"413,551",413,551
"413,552",413,552
"414,734",414,734
"414,735",414,735
"414,736",414,736
"414,737",414,737
"414,738",414,738
"415,739",415,739
"415,740",415,740
"415,741",415,741
"415,742",415,742
"415,743",415,743
"416,346",416,346
"416,367",416,367
"416,368",416,368
"416,369",416,369
"416,1179",416,1179
"417,744",417,744
"417,745",417,745
"417,746",417,746
"417,747",417,747
"417,748",417,748
"418,64",418,64
"418,65",418,65
"418,66",418,66
"418,419",418,419
"418,553",418,553
"419,65",419,65
"419,66",419,66
"419,418",419,418
"419,553",419,553
"419,554",419,554
"420,33",420,33
"420,94",420,94
"420,95",420,95
"420,1180",420,1180
"420,1181",420,1181
"421,37",421,37
"421,78",421,78
"421,319",421,319
"421,555",421,555
"421,556",421,556
"422,77",422,77
"422,237",422,237
"422,355",422,355
"422,1644",422,1644
"422,1645",422,1645
"423,77",423,77
"423,424",423,424
"423,557",423,557
"423,558",423,558
"423,559",423,559
"424,77",424,77
"424,423",424,423
"424,425",424,425
"424,557",424,557
"424,558",424,558
"425,77",425,77
"425,423",425,423
"425,424",425,424
"425,557",425,557
"425,558",425,558
"426,80",426,80
"426,512",426,512
"426,1646",426,1646
"426,1647",426,1647
"426,1648",426,1648
"427,18",427,18
"427,84",427,84
"427,167",427,167
"427,749",427,749
"427,750",427,750
"428,84",428,84
"428,966",428,966
"428,1040",428,1040
"428,1649",428,1649
"428,1650",428,1650
"429,33",429,33
"429,56",429,56
"429,93",429,93
"429,94",429,94
"429,95",429,95
"430,97",430,97
"430,100",430,100
"430,307",430,307
"430,751",430,751
"430,752",430,752
"431,4",431,4
"431,19",431,19
"431,75",431,75
"431,109",431,109
"431,110",431,110
"432,114",432,114
"432,435",432,435
"432,754",432,754
"432,755",432,755
"432,756",432,756
"433,114",433,114
"433,432",433,432
"433,434",433,434
"433,435",433,435
"433,756",433,756
"434,38",434,38
"434,114",434,114
"434,270",434,270
"434,433",434,433
"434,753",434,753
"435,432",435,432
"435,754",435,754
"435,755",435,755
"435,756",435,756
"435,757",435,757
"436,1241",436,1241
"436,1322",436,1322
"436,1651",436,1651
"436,1652",436,1652
"436,1653",436,1653
"437,120",437,120
"437,438",437,438
"437,758",437,758
"437,759",437,759
"437,760",437,760
"438,120",438,120
"438,437",438,437
"438,439",438,439
"438,560",438,560
"438,761",438,761
"439,120",439,120
"439,438",439,438
"439,560",439,560
"439,561",439,561
"439,562",439,562
"440,108",440,108
"440,124",440,124
"440,126",440,126
"440,127",440,127
"440,762",440,762
"441,128",441,128
"441,129",441,129
"441,130",441,130
"441,1654",441,1654
"441,1655",441,1655
"442,1656",442,1656
"442,1657",442,1657
"442,1658",442,1658
"442,1659",442,1659
"442,1660",442,1660
"443,29",443,29
"443,143",443,143
"443,763",443,763
"443,764",443,764
"443,765",443,765
"444,29",444,29
"444,143",444,143
"444,144",444,144
"444,309",444,309
"444,603",444,603
"445,18",445,18
"445,21",445,21
"445,22",445,22
"445,27",445,27
"445,1661",445,1661
"446,148",446,148
"446,210",446,210
"446,563",446,563
"446,564",446,564
"446,565",446,565
"447,151",447,151
"447,331",447,331
"447,517",447,517
"447,518",447,518
"447,1662",447,1662
"448,151",448,151
"448,429",448,429
"448,449",448,449
"448,766",448,766
"448,767",448,767
"449,33",449,33
"449,151",449,151
"449,1241",449,1241
"449,1663",449,1663
"449,1664",449,1664
"450,8",450,8
"450,158",450,158
"450,768",450,768
"450,1182",450,1182
"450,1183",450,1183
"451,13",451,13
"451,23",451,23
"451,78",451,78
"451,158",451,158
"451,768",451,768
"452,158",452,158
"452,450",452,450
"452,1184",452,1184
"452,1185",452,1185
"452,1186",452,1186
"453,158",453,158
"453,1187",453,1187
"453,1188",453,1188
"453,1189",453,1189
"453,1190",453,1190
"454,8",454,8
"454,164",454,164
"454,290",454,290
"454,455",454,455
"454,479",454,479
"455,21",455,21
"455,22",455,22
"455,23",455,23
"455,28",455,28
"455,164",455,164
"456,82",456,82
"456,164",456,164
"456,1191",456,1191
"456,1192",456,1192
"456,1193",456,1193
"457,165",457,165
"457,167",457,167
"457,1039",457,1039
"457,1194",457,1194
"457,1195",457,1195
"458,167",458,167
"458,512",458,512
"458,566",458,566
"458,567",458,567
"458,568",458,568
"459,169",459,169
"459,1665",459,1665
"459,1666",459,1666
"459,1667",459,1667
"459,1668",459,1668
"460,172",460,172
"460,318",460,318
"460,346",460,346
"460,461",460,461
"460,1669",460,1669
"461,48",461,48
"461,90",461,90
"461,172",461,172
"461,460",461,460
"461,1196",461,1196
"462,99",462,99
"462,176",462,176
"462,463",462,463
"462,569",462,569
"462,1670",462,1670
"463,99",463,99
"463,176",463,176
"463,462",463,462
"463,569",463,569
"463,570",463,570
"464,186",464,186
"464,465",464,465
"464,769",464,769
"464,770",464,770
"464,771",464,771
"465,186",465,186
"465,464",465,464
"465,466",465,466
"465,534",465,534
"465,827",465,827
"466,465",466,465
"466,534",466,534
"466,584",466,584
"466,1197",466,1197
"466,1198",466,1198
"467,190",467,190
"467,194",467,194
"467,772",467,772
"467,773",467,773
"467,774",467,774
"468,190",468,190
"468,775",468,775
"468,776",468,776
"468,777",468,777
"468,778",468,778
"469,190",469,190
"469,194",469,194
"469,774",469,774
"469,1199",469,1199
"469,1200",469,1200
"470,93",470,93
"470,194",470,194
"470,471",470,471
"470,1201",470,1201
"470,1202",470,1202
"471,194",471,194
"471,470",471,470
"471,472",471,472
"471,571",471,571
"471,572",471,572
"472,471",472,471
"472,571",472,571
"472,572",472,572
"472,599",472,599
"472,1203",472,1203
"473,13",473,13
"473,23",473,23
"473,78",473,78
"473,555",473,555
"473,1204",473,1204
"475,216",475,216
"475,217",475,217
"475,573",475,573
"475,574",475,574
"475,575",475,575
"476,84",476,84
"476,216",476,216
"476,427",476,427
"476,819",476,819
"476,1671",476,1671
"477,779",477,779
"477,780",477,780
"477,781",477,781
"477,782",477,782
"477,783",477,783
"479,8",479,8
"479,454",479,454
"479,480",479,480
"479,481",479,481
"479,784",479,784
"480,8",480,8
"480,138",480,138
"480,479",480,479
"480,481",480,481
"480,785",480,785
"481,18",481,18
"481,21",481,21
"481,342",481,342
"481,1241",481,1241
"481,1672",481,1672
"482,10",482,10
"482,231",482,231
"482,481",482,481
"482,1035",482,1035
"482,1079",482,1079
"483,231",483,231
"483,480",483,480
"483,481",483,481
"483,482",483,482
"483,1673",483,1673
"484,99",484,99
"484,445",484,445
"484,1205",484,1205
"484,1206",484,1206
"484,1207",484,1207
"485,223",485,223
"485,238",485,238
"485,239",485,239
"485,240",485,240
"485,663",485,663
"487,251",487,251
"487,252",487,252
"487,1674",487,1674
"487,1675",487,1675
"487,1676",487,1676
"488,243",488,243
"488,489",488,489
"488,490",488,490
"488,576",488,576
"488,577",488,577
"489,33",489,33
"489,243",489,243
"489,577",489,577
"489,821",489,821
"489,822",489,822
"490,33",490,33
"490,243",490,243
"490,488",490,488
"490,489",490,489
"490,821",490,821
"491,150",491,150
"491,204",491,204
"491,246",491,246
"491,1208",491,1208
"491,1209",491,1209
"492,204",492,204
"492,206",492,206
"492,661",492,661
"492,1210",492,1210
"492,1211",492,1211
"493,249",493,249
"493,343",493,343
"493,1677",493,1677
"493,1678",493,1678
"493,1679",493,1679
"494,241",494,241
"494,244",494,244
"494,250",494,250
"494,252",494,252
"494,578",494,578
"495,204",495,204
"495,247",495,247
"495,257",495,257
"495,1680",495,1680
"495,1681",495,1681
"496,204",496,204
"496,258",496,258
"496,499",496,499
"496,579",496,579
"496,580",496,580
"497,1212",497,1212
"497,1213",497,1213
"497,1214",497,1214
"497,1215",497,1215
"497,1216",497,1216
"498,786",498,786
"498,787",498,787
"498,788",498,788
"499,258",499,258
"499,496",499,496
"499,579",499,579
"499,580",499,580
"499,1217",499,1217
"500,11",500,11
"500,268",500,268
"500,501",500,501
"500,1682",500,1682
"500,1683",500,1683
"501,11",501,11
"501,268",501,268
"501,349",501,349
"501,384",501,384
"501,402",501,402
"502,266",502,266
"502,1218",502,1218
"502,1219",502,1219
"502,1220",502,1220
"502,1221",502,1221
"503,114",503,114
"503,271",503,271
"503,1222",503,1222
"503,1223",503,1223
"503,1224",503,1224
"504,7",504,7
"504,8",504,8
"504,290",504,290
"504,455",504,455
"504,505",504,505
"505,290",505,290
"505,479",505,479
"505,504",505,504
"505,1025",505,1025
"505,1684",505,1684
"506,35",506,35
"506,53",506,53
"506,54",506,54
"506,60",506,60
"506,163",506,163
"507,299",507,299
"507,421",507,421
"507,1685",507,1685
"507,1686",507,1686
"507,1687",507,1687
"508,15",508,15
"508,107",508,107
"508,301",508,301
"508,509",508,509
"508,510",508,510
"509,15",509,15
"509,107",509,107
"509,301",509,301
"509,508",509,508
"509,510",509,510
"510,107",510,107
"510,301",510,301
"510,508",510,508
"510,509",510,509
"510,581",510,581
"511,80",511,80
"511,302",511,302
"511,1688",511,1688
"511,1689",511,1689
"511,1690",511,1690
"512,33",512,33
"512,95",512,95
"512,160",512,160
"512,479",512,479
"512,789",512,789
"513,324",513,324
"513,790",513,790
"513,976",513,976
"513,1691",513,1691
"513,1692",513,1692
"514,324",514,324
"514,330",514,330
"514,717",514,717
"514,790",514,790
"514,791",514,791
"515,324",515,324
"515,513",515,513
"515,516",515,516
"515,1693",515,1693
"515,1694",515,1694
"516,324",516,324
"516,513",516,513
"516,515",516,515
"516,1693",516,1693
"516,1695",516,1695
"517,33",517,33
"517,151",517,151
"517,331",517,331
"517,447",517,447
"517,518",517,518
"518,93",518,93
"518,151",518,151
"518,429",518,429
"518,447",518,447
"518,517",518,517
"519,238",519,238
"519,339",519,339
"519,520",519,520
"519,792",519,792
"519,793",519,793
"520,238",520,238
"520,339",520,339
"520,519",520,519
"520,582",520,582
"520,583",520,583
"521,341",521,341
"521,522",521,522
"521,524",521,524
"521,525",521,525
"521,794",521,794
"522,341",522,341
"522,524",522,524
"522,525",522,525
"522,794",522,794
"522,798",522,798
"523,341",523,341
"523,524",523,524
"523,525",523,525
"523,794",523,794
"523,795",523,795
"524,522",524,522
"524,794",524,794
"524,796",524,796
"524,797",524,797
"524,798",524,798
"525,238",525,238
"525,524",525,524
"525,794",525,794
"525,795",525,795
"525,1696",525,1696
"526,344",526,344
"526,527",526,527
"526,528",526,528
"526,529",526,529
"526,799",526,799
"527,346",527,346
"527,529",527,529
"527,909",527,909
"527,1225",527,1225
"527,1226",527,1226
"528,344",528,344
"528,526",528,526
"528,527",528,527
"528,529",528,529
"528,800",528,800
"529,344",529,344
"529,526",529,526
"529,527",529,527
"529,799",529,799
"529,801",529,801
"530,908",530,908
"530,909",530,909
"530,1227",530,1227
"530,1228",530,1228
"530,1229",530,1229
"531,356",531,356
"531,532",531,532
"531,533",531,533
"531,1230",531,1230
"531,1231",531,1231
"533,356",533,356
"533,531",533,531
"533,532",533,532
"533,1232",533,1232
"533,1233",533,1233
"534,63",534,63
"534,98",534,98
"534,465",534,465
"534,466",534,466
"534,584",534,584
"535,465",535,465
"535,534",535,534
"535,536",535,536
"535,584",535,584
"535,585",535,585
"536,186",536,186
"536,465",536,465
"536,534",536,534
"536,585",536,585
"536,827",536,827
"537,376",537,376
"537,538",537,538
"537,540",537,540
"537,586",537,586
"537,587",537,587
"538,376",538,376
"538,537",538,537
"538,540",538,540
"538,586",538,586
"538,587",538,587
"539,376",539,376
"539,537",539,537
"539,538",539,538
"539,540",539,540
"539,1697",539,1697
"540,111",540,111
"540,181",540,181
"540,330",540,330
"540,1234",540,1234
"540,1235",540,1235
"541,802",541,802
"541,803",541,803
"541,804",541,804
"541,805",541,805
"541,806",541,806
"542,367",542,367
"542,372",542,372
"542,398",542,398
"542,543",542,543
"542,544",542,544
"543,372",543,372
"543,398",543,398
"543,542",543,542
"543,544",543,544
"543,1236",543,1236
"544,372",544,372
"544,398",544,398
"544,542",544,542
"544,543",544,543
"544,1237",544,1237
"545,11",545,11
"545,268",545,268
"545,402",545,402
"545,1698",545,1698
"545,1699",545,1699
"546,11",546,11
"546,349",546,349
"546,382",546,382
"546,384",546,384
"546,402",546,402
"547,156",547,156
"547,346",547,346
"547,368",547,368
"547,397",547,397
"547,412",547,412
"548,413",548,413
"548,551",548,551
"548,589",548,589
"548,1243",548,1243
"548,1245",548,1245
"549,413",549,413
"549,548",549,548
"549,550",549,550
"549,552",549,552
"549,588",549,588
"550,413",550,413
"550,548",550,548
"550,549",550,549
"550,551",550,551
"550,807",550,807
"551,413",551,413
"551,548",551,548
"551,550",551,550
"551,807",551,807
"551,808",551,808
"552,548",552,548
"552,588",552,588
"552,589",552,589
"552,590",552,590
"552,591",552,591
"553,63",553,63
"553,98",553,98
"553,99",553,99
"553,388",553,388
"553,1700",553,1700
"554,63",554,63
"554,64",554,64
"554,65",554,65
"554,66",554,66
"554,1701",554,1701
"555,1702",555,1702
"555,1703",555,1703
"555,1704",555,1704
"555,1705",555,1705
"555,1706",555,1706
"556,13",556,13
"556,28",556,28
"556,78",556,78
"556,1238",556,1238
"556,1239",556,1239
"557,423",557,423
"557,424",557,424
"557,558",557,558
"557,559",557,559
"557,1240",557,1240
"558,81",558,81
"558,82",558,82
"558,164",558,164
"558,423",558,423
"558,424",558,424
"559,423",559,423
"559,424",559,424
"559,557",559,557
"559,558",559,558
"559,1240",559,1240
"560,120",560,120
"560,438",560,438
"560,439",560,439
"560,561",560,561
"560,814",560,814
"561,411",561,411
"561,809",561,809
"561,810",561,810
"561,811",561,811
"561,812",561,812
"562,439",562,439
"562,561",562,561
"562,761",562,761
"562,813",562,813
"562,814",562,814
"563,148",563,148
"563,210",563,210
"563,446",563,446
"563,564",563,564
"563,565",563,565
"564,210",564,210
"564,446",564,446
"564,563",564,563
"564,592",564,592
"564,593",564,593
"566,458",566,458
"566,512",566,512
"566,815",566,815
"566,816",566,816
"566,817",566,817
"567,18",567,18
"567,83",567,83
"567,449",567,449
"567,629",567,629
"567,1241",567,1241
"568,167",568,167
"568,458",568,458
"568,818",568,818
"568,819",568,819
"568,820",568,820
"569,176",569,176
"569,570",569,570
"569,594",569,594
"569,595",569,595
"569,596",569,596
"570,176",570,176
"570,481",570,481
"570,482",570,482
"570,569",570,569
"570,597",570,597
"572,470",572,470
"572,471",572,471
"572,472",572,472
"572,598",572,598
"572,599",572,599
"574,475",574,475
"574,573",574,573
"574,1707",574,1707
"574,1708",574,1708
"574,1709",574,1709
"575,214",575,214
"575,216",575,216
"575,475",575,475
"575,1710",575,1710
"575,1711",575,1711
"576,243",576,243
"576,488",576,488
"576,489",576,489
"576,490",576,490
"576,577",576,577
"577,33",577,33
"577,94",577,94
"577,489",577,489
"577,821",577,821
"577,822",577,822
"578,241",578,241
"578,244",578,244
"578,250",578,250
"578,252",578,252
"578,494",578,494
"579,204",579,204
"579,258",579,258
"579,496",579,496
"579,499",579,499
"579,580",579,580
"580,642",580,642
"580,1217",580,1217
"580,1712",580,1712
"580,1713",580,1713
"580,1714",580,1714
"581,107",581,107
"581,301",581,301
"581,508",581,508
"581,509",581,509
"581,510",581,510
"582,493",582,493
"582,823",582,823
"582,824",582,824
"582,825",582,825
"582,826",582,826
"583,220",583,220
"583,223",583,223
"583,239",583,239
"583,339",583,339
"583,520",583,520
"584,186",584,186
"584,466",584,466
"584,1715",584,1715
"584,1716",584,1716
"584,1717",584,1717
"585,186",585,186
"585,465",585,465
"585,534",585,534
"585,536",585,536
"585,827",585,827
"586,537",586,537
"586,538",586,538
"586,587",586,587
"586,600",586,600
"586,601",586,601
"587,538",587,538
"587,586",587,586
"587,600",587,600
"587,601",587,601
"587,602",587,602
"588,590",588,590
"588,591",588,591
"588,1242",588,1242
"588,1243",588,1243
"588,1244",588,1244
"589,552",589,552
"589,588",589,588
"589,590",589,590
"589,1242",589,1242
"589,1243",589,1243
"590,588",590,588
"590,591",590,591
"590,1242",590,1242
"590,1244",590,1244
"590,1245",590,1245
"591,588",591,588
"591,590",591,590
"591,1242",591,1242
"591,1243",591,1243
"591,1245",591,1245
"592,18",592,18
"592,302",592,302
"592,446",592,446
"592,564",592,564
"592,828",592,828
"593,210",593,210
"593,563",593,563
"593,565",593,565
"593,829",593,829
"593,830",593,830
"594,176",594,176
"594,231",594,231
"594,481",594,481
"594,569",594,569
"594,1673",594,1673
"597,8",597,8
"597,99",597,99
"597,445",597,445
"597,570",597,570
"597,1246",597,1246
"598,470",598,470
"598,472",598,472
"598,572",598,572
"598,926",598,926
"598,1718",598,1718
"599,471",599,471
"599,472",599,472
"599,571",599,571
"599,572",599,572
"599,1203",599,1203
"600,556",600,556
"600,587",600,587
"600,602",600,602
"600,831",600,831
"600,833",600,833
"601,600",601,600
"601,602",601,602
"601,831",601,831
"601,832",601,832
"601,833",601,833
"602,586",602,586
"602,601",602,601
"602,831",602,831
"602,832",602,832
"602,833",602,833
"603,29",603,29
"603,147",603,147
"603,604",603,604
"603,605",603,605
"603,834",603,834
"604,145",604,145
"604,147",604,147
"604,603",604,603
"604,605",604,605
"604,1719",604,1719
"605,147",605,147
"605,603",605,603
"605,604",605,604
"605,607",605,607
"605,1719",605,1719
"606,143",606,143
"606,147",606,147
"606,603",606,603
"606,604",606,604
"606,2550",606,2550
"607,147",607,147
"607,603",607,603
"607,605",607,605
"607,606",607,606
"607,835",607,835
"608,5",608,5
"608,210",608,210
"608,481",608,481
"608,609",608,609
"608,1247",608,1247
"609,210",609,210
"609,480",609,480
"609,481",609,481
"609,608",609,608
"609,1247",609,1247
"610,149",610,149
"610,1248",610,1248
"610,1249",610,1249
"610,1250",610,1250
"610,1251",610,1251
"611,2551",611,2551
"611,2552",611,2552
"611,2553",611,2553
"611,2554",611,2554
"611,2555",611,2555
"612,5",612,5
"612,6",612,6
"612,445",612,445
"612,836",612,836
"612,837",612,837
"613,36",613,36
"613,154",613,154
"613,155",613,155
"613,614",613,614
"613,838",613,838
"614,154",614,154
"614,155",614,155
"614,613",614,613
"614,838",614,838
"614,839",614,839
"615,30",615,30
"615,48",615,48
"615,156",615,156
"615,840",615,840
"615,841",615,841
"616,35",616,35
"616,53",616,53
"616,61",616,61
"616,162",616,162
"616,2556",616,2556
"617,18",617,18
"617,165",617,165
"617,166",617,166
"617,458",617,458
"617,618",617,618
"618,165",618,165
"618,166",618,166
"618,167",618,167
"618,1252",618,1252
"618,1253",618,1253
"619,165",619,165
"619,166",619,166
"619,842",619,842
"619,843",619,843
"619,844",619,844
"620,189",620,189
"620,190",620,190
"620,467",620,467
"620,778",620,778
"620,1254",620,1254
"621,189",621,189
"621,922",621,922
"621,1012",621,1012
"621,1013",621,1013
"621,2557",621,2557
"622,194",622,194
"622,469",622,469
"622,774",622,774
"622,1199",622,1199
"622,1720",622,1720
"623,191",623,191
"623,469",623,469
"623,622",623,622
"623,845",623,845
"623,846",623,846
"624,33",624,33
"624,151",624,151
"624,626",624,626
"624,847",624,847
"624,848",624,848
"625,151",625,151
"625,331",625,331
"625,517",625,517
"625,848",625,848
"625,2558",625,2558
"626,33",626,33
"626,93",626,93
"626,624",626,624
"626,847",626,847
"626,848",626,848
"627,33",627,33
"627,151",627,151
"627,331",627,331
"627,518",627,518
"627,848",627,848
"628,331",628,331
"628,517",628,517
"628,518",628,518
"628,848",628,848
"628,1721",628,1721
"629,4",629,4
"629,19",629,19
"629,567",629,567
"629,1722",629,1722
"629,1723",629,1723
"630,4",630,4
"630,7",630,7
"630,124",630,124
"630,196",630,196
"630,567",630,567
"631,200",631,200
"631,632",631,632
"631,633",631,633
"631,634",631,634
"631,635",631,635
"632,13",632,13
"632,82",632,82
"632,164",632,164
"632,200",632,200
"632,317",632,317
"633,200",633,200
"633,631",633,631
"633,632",633,632
"633,634",633,634
"633,635",633,635
"634,200",634,200
"634,631",634,631
"634,632",634,632
"634,633",634,633
"634,635",634,635
"635,200",635,200
"635,631",635,631
"635,633",635,633
"635,634",635,634
"635,1255",635,1255
"636,201",636,201
"636,302",636,302
"636,849",636,849
"636,850",636,850
"636,851",636,851
"637,142",637,142
"637,202",637,202
"637,638",637,638
"637,852",637,852
"637,853",637,853
"638,142",638,142
"638,202",638,202
"638,637",638,637
"638,852",638,852
"638,854",638,854
"639,150",639,150
"639,205",639,205
"639,640",639,640
"639,855",639,855
"639,856",639,856
"640,150",640,150
"640,205",640,205
"640,206",640,206
"640,639",640,639
"640,1256",640,1256
"641,206",641,206
"641,207",641,207
"641,866",641,866
"641,867",641,867
"641,2559",641,2559
"642,207",642,207
"642,1257",642,1257
"642,1258",642,1258
"642,1259",642,1259
"642,1260",642,1260
"643,211",643,211
"643,644",643,644
"643,857",643,857
"643,858",643,858
"643,859",643,859
"644,211",644,211
"644,643",644,643
"644,857",644,857
"644,858",644,858
"644,1724",644,1724
"647,212",647,212
"647,645",647,645
"647,646",647,646
"647,1261",647,1261
"647,1262",647,1262
"648,212",648,212
"648,754",648,754
"648,1347",648,1347
"648,1508",648,1508
"648,1725",648,1725
"649,214",649,214
"649,650",649,650
"649,651",649,651
"649,1726",649,1726
"649,1727",649,1727
"650,214",650,214
"650,649",650,649
"650,1726",650,1726
"650,1727",650,1727
"650,1728",650,1728
"651,214",651,214
"651,649",651,649
"651,860",651,860
"651,861",651,861
"651,862",651,862
"652,100",652,100
"652,116",652,116
"652,752",652,752
"652,1729",652,1729
"652,1730",652,1730
"654,225",654,225
"654,656",654,656
"654,1267",654,1267
"654,1268",654,1268
"654,1269",654,1269
"655,192",655,192
"655,1263",655,1263
"655,1264",655,1264
"655,1265",655,1265
"655,1266",655,1266
"656,654",656,654
"656,1267",656,1267
"656,1268",656,1268
"656,1269",656,1269
"656,1270",656,1270
"657,227",657,227
"657,380",657,380
"657,863",657,863
"657,864",657,864
"657,865",657,865
"658,227",658,227
"658,1731",658,1731
"658,1732",658,1732
"658,1733",658,1733
"658,1734",658,1734
"659,227",659,227
"659,380",659,380
"659,658",659,658
"659,1163",659,1163
"659,1735",659,1735
"660,227",660,227
"660,380",660,380
"660,1736",660,1736
"660,1737",660,1737
"660,1738",660,1738
"661,206",661,206
"661,492",661,492
"661,662",661,662
"661,866",661,866
"661,867",661,867
"662,661",662,661
"662,866",662,866
"662,868",662,868
"662,869",662,869
"662,870",662,870
"663,223",663,223
"663,239",663,239
"663,240",663,240
"663,485",663,485
"663,1538",663,1538
"664,251",664,251
"664,252",664,252
"664,494",664,494
"664,578",664,578
"664,1739",664,1739
"665,260",665,260
"665,262",665,262
"665,263",665,263
"665,264",665,264
"665,666",665,666
"666,12",666,12
"666,260",666,260
"666,262",666,262
"666,263",666,263
"666,665",666,665
"668,6",668,6
"668,8",668,8
"668,97",668,97
"668,672",668,672
"668,2560",668,2560
"669,63",669,63
"669,100",669,100
"669,101",669,101
"669,279",669,279
"669,672",669,672
"670,279",670,279
"670,669",670,669
"670,671",670,671
"670,872",670,872
"670,971",670,971
"671,279",671,279
"671,669",671,669
"671,670",671,670
"671,871",671,871
"671,872",671,872
"672,668",672,668
"672,669",672,669
"672,1271",672,1271
"672,1740",672,1740
"672,1741",672,1741
"673,63",673,63
"673,99",673,99
"673,279",673,279
"673,1271",673,1271
"673,1272",673,1272
"674,280",674,280
"674,294",674,294
"674,675",674,675
"674,676",674,676
"674,1511",674,1511
"675,280",675,280
"675,674",675,674
"675,676",675,676
"675,1273",675,1273
"675,1274",675,1274
"677,280",677,280
"677,676",677,676
"677,1273",677,1273
"677,1274",677,1274
"677,1275",677,1275
"678,290",678,290
"678,292",678,292
"678,293",678,293
"678,358",678,358
"678,706",678,706
"679,76",679,76
"679,284",679,284
"679,285",679,285
"679,1742",679,1742
"679,1743",679,1743
"680,18",680,18
"680,152",680,152
"680,311",680,311
"680,2561",680,2561
"680,2562",680,2562
"681,18",681,18
"681,311",681,311
"681,955",681,955
"681,1276",681,1276
"681,1277",681,1277
"682,18",682,18
"682,36",682,36
"682,152",682,152
"682,311",682,311
"682,1278",682,1278
"683,8",683,8
"683,313",683,313
"683,1279",683,1279
"683,1280",683,1280
"683,1281",683,1281
"685,8",685,8
"685,315",685,315
"685,687",685,687
"685,1282",685,1282
"685,1283",685,1283
"686,161",686,161
"686,315",686,315
"686,452",686,452
"686,1744",686,1744
"686,1745",686,1745
"687,8",687,8
"687,315",687,315
"687,685",687,685
"687,719",687,719
"687,1746",687,1746
"688,448",688,448
"688,689",688,689
"688,690",688,690
"688,2423",688,2423
"688,2563",688,2563
"689,331",689,331
"689,517",689,517
"689,688",689,688
"689,690",689,690
"689,1284",689,1284
"690,329",690,329
"690,688",690,688
"690,689",690,689
"690,1284",690,1284
"690,1747",690,1747
"691,452",691,452
"691,1559",691,1559
"691,1561",691,1561
"691,2564",691,2564
"691,2565",691,2565
"692,304",692,304
"692,340",692,340
"692,873",692,873
"692,874",692,874
"692,875",692,875
"694,114",694,114
"694,340",694,340
"694,1285",694,1285
"694,1286",694,1286
"694,1287",694,1287
"695,114",695,114
"695,340",695,340
"695,698",695,698
"695,1288",695,1288
"695,1289",695,1289
"696,342",696,342
"696,481",696,481
"696,885",696,885
"696,1158",696,1158
"696,1584",696,1584
"697,343",697,343
"697,1290",697,1290
"697,1291",697,1291
"697,1292",697,1292
"697,1293",697,1293
"698,86",698,86
"698,114",698,114
"698,876",698,876
"698,877",698,877
"698,878",698,878
"699,1294",699,1294
"699,1295",699,1295
"699,1296",699,1296
"699,1297",699,1297
"699,1298",699,1298
"701,899",701,899
"701,1299",701,1299
"701,1300",701,1300
"701,1301",701,1301
"701,1302",701,1302
"702,879",702,879
"702,880",702,880
"702,881",702,881
"702,882",702,882
"702,883",702,883
"703,481",703,481
"703,696",703,696
"703,884",703,884
"703,885",703,885
"703,886",703,886
"704,355",704,355
"704,934",704,934
"704,1303",704,1303
"704,1304",704,1304
"704,1305",704,1305
"705,290",705,290
"705,292",705,292
"705,358",705,358
"705,678",705,678
"705,706",705,706
"706,290",706,290
"706,292",706,292
"706,293",706,293
"706,358",706,358
"706,678",706,678
"708,363",708,363
"708,707",708,707
"708,709",708,709
"708,710",708,710
"708,887",708,887
"709,363",709,363
"709,708",709,708
"709,710",709,710
"709,887",709,887
"709,888",709,888
"710,363",710,363
"710,708",710,708
"710,709",710,709
"710,887",710,887
"710,888",710,888
"712,373",712,373
"712,713",712,713
"712,714",712,714
"712,716",712,716
"712,1748",712,1748
"713,215",713,215
"713,373",713,373
"713,712",713,712
"713,714",713,714
"713,715",713,715
"714,373",714,373
"714,712",714,712
"714,715",714,715
"714,717",714,717
"714,1306",714,1306
"715,373",715,373
"715,889",715,889
"715,890",715,890
"715,891",715,891
"715,892",715,892
"716,768",716,768
"716,1307",716,1307
"716,1308",716,1308
"716,1309",716,1309
"716,1310",716,1310
"717,514",717,514
"717,893",717,893
"717,894",717,894
"717,895",717,895
"717,896",717,896
"718,330",718,330
"718,377",718,377
"718,721",718,721
"718,722",718,722
"718,723",718,723
"719,8",719,8
"719,687",719,687
"719,943",719,943
"719,1030",719,1030
"719,1031",719,1031
"720,330",720,330
"720,377",720,377
"720,718",720,718
"720,721",720,721
"720,723",720,723
"721,330",721,330
"721,377",721,377
"721,720",721,720
"721,722",721,722
"721,723",721,723
"722,330",722,330
"722,377",722,377
"722,720",722,720
"722,721",722,721
"722,723",722,723
"723,330",723,330
"723,377",723,377
"723,720",723,720
"723,721",723,721
"723,722",723,722
"724,302",724,302
"724,336",724,336
"724,897",724,897
"724,898",724,898
"724,899",724,899
"725,480",725,480
"725,785",725,785
"725,900",725,900
"725,901",725,901
"725,902",725,902
"726,401",726,401
"726,729",726,729
"726,903",726,903
"726,1354",726,1354
"726,1749",726,1749
"727,401",727,401
"727,726",727,726
"727,1750",727,1750
"727,1751",727,1751
"727,1752",727,1752
"728,401",728,401
"728,726",728,726
"728,729",728,729
"728,903",728,903
"728,1311",728,1311
"729,401",729,401
"729,726",729,726
"729,728",729,728
"729,903",729,903
"729,904",729,904
"730,404",730,404
"730,410",730,410
"730,732",730,732
"730,2566",730,2566
"730,2567",730,2567
"731,730",731,730
"731,732",731,732
"731,1178",731,1178
"731,1312",731,1312
"731,1313",731,1313
"732,409",732,409
"732,731",732,731
"732,1178",732,1178
"732,1312",732,1312
"732,1313",732,1313
"733,408",733,408
"733,409",733,409
"733,410",733,410
"733,730",733,730
"733,1177",733,1177
"734,414",734,414
"734,735",734,735
"734,736",734,736
"734,738",734,738
"734,905",734,905
"735,414",735,414
"735,734",735,734
"735,736",735,736
"735,738",735,738
"735,1314",735,1314
"736,414",736,414
"736,734",736,734
"736,735",736,735
"736,738",736,738
"736,1315",736,1315
"737,414",737,414
"737,734",737,734
"737,735",737,735
"737,738",737,738
"737,1314",737,1314
"738,735",738,735
"738,736",738,736
"738,1314",738,1314
"738,1551",738,1551
"738,1753",738,1753
"739,415",739,415
"739,740",739,740
"739,741",739,741
"739,742",739,742
"739,743",739,743
"740,415",740,415
"740,739",740,739
"740,741",740,741
"740,1754",740,1754
"740,1755",740,1755
"741,740",741,740
"741,906",741,906
"741,907",741,907
"741,908",741,908
"741,909",741,909
"742,415",742,415
"742,739",742,739
"742,740",742,740
"742,743",742,743
"742,2568",742,2568
"743,398",743,398
"743,415",743,415
"743,739",743,739
"743,742",743,742
"743,1756",743,1756
"744,417",744,417
"744,746",744,746
"744,748",744,748
"744,910",744,910
"744,911",744,911
"745,417",745,417
"745,746",745,746
"745,747",745,747
"745,748",745,748
"745,2569",745,2569
"746,417",746,417
"746,744",746,744
"746,745",746,745
"746,912",746,912
"746,913",746,913
"747,910",747,910
"747,1004",747,1004
"747,1005",747,1005
"747,1053",747,1053
"747,1757",747,1757
"748,910",748,910
"748,1004",748,1004
"748,1006",748,1006
"748,1053",748,1053
"748,1757",748,1757
"749,83",749,83
"749,165",749,165
"749,167",749,167
"749,427",749,427
"749,617",749,617
"750,84",750,84
"750,427",750,427
"750,749",750,749
"750,1316",750,1316
"750,1317",750,1317
"751,100",751,100
"751,307",751,307
"751,430",751,430
"751,752",751,752
"751,914",751,914
"752,18",752,18
"752,99",752,99
"752,100",752,100
"752,116",752,116
"752,430",752,430
"753,38",753,38
"753,434",753,434
"753,2570",753,2570
"753,2571",753,2571
"753,2572",753,2572
"754,435",754,435
"754,648",754,648
"754,757",754,757
"754,1508",754,1508
"754,2532",754,2532
"755,432",755,432
"755,435",755,435
"755,915",755,915
"755,916",755,916
"755,917",755,917
"756,432",756,432
"756,433",756,433
"756,435",756,435
"756,755",756,755
"756,916",756,916
"757,435",757,435
"757,754",757,754
"757,874",757,874
"757,915",757,915
"757,2573",757,2573
"758,437",758,437
"758,810",758,810
"758,2574",758,2574
"758,2575",758,2575
"758,2576",758,2576
"759,940",759,940
"759,1318",759,1318
"759,1319",759,1319
"759,1320",759,1320
"759,1321",759,1321
"760,160",760,160
"760,161",760,161
"760,312",760,312
"760,1758",760,1758
"760,1759",760,1759
"761,438",761,438
"761,439",761,439
"761,1760",761,1760
"761,1761",761,1761
"761,1762",761,1762
"762,108",762,108
"762,124",762,124
"762,126",762,126
"762,440",762,440
"762,918",762,918
"763,29",763,29
"763,143",763,143
"763,443",763,443
"763,764",763,764
"763,765",763,765
"764,29",764,29
"764,143",764,143
"764,144",764,144
"764,443",764,443
"764,765",764,765
"765,29",765,29
"765,143",765,143
"765,443",765,443
"765,763",765,763
"765,764",765,764
"766,93",766,93
"766,331",766,331
"766,847",766,847
"766,848",766,848
"766,919",766,919
"767,151",767,151
"767,848",767,848
"767,1322",767,1322
"767,1323",767,1323
"767,1324",767,1324
"768,450",768,450
"768,1183",768,1183
"768,1325",768,1325
"768,1326",768,1326
"768,1327",768,1327
"769,186",769,186
"769,464",769,464
"769,770",769,770
"769,771",769,771
"769,2577",769,2577
"770,186",770,186
"770,464",770,464
"770,465",770,465
"770,769",770,769
"770,771",770,771
"771,186",771,186
"771,464",771,464
"771,769",771,769
"771,770",771,770
"771,2578",771,2578
"772,132",772,132
"772,189",772,189
"772,190",772,190
"772,469",772,469
"772,920",772,920
"773,190",773,190
"773,620",773,620
"773,921",773,921
"773,922",773,922
"773,923",773,923
"774,622",774,622
"774,920",774,920
"774,1763",774,1763
"774,1764",774,1764
"774,1765",774,1765
"775,191",775,191
"775,243",775,243
"775,468",775,468
"775,776",775,776
"775,777",775,777
"776,191",776,191
"776,468",776,468
"776,572",776,572
"776,775",776,775
"776,2579",776,2579
"777,468",777,468
"777,775",777,775
"777,924",777,924
"777,925",777,925
"777,926",777,926
"778,191",778,191
"778,620",778,620
"778,776",778,776
"778,1254",778,1254
"778,1766",778,1766
"779,1328",779,1328
"779,1329",779,1329
"779,1330",779,1330
"779,1331",779,1331
"779,1332",779,1332
"780,216",780,216
"780,477",780,477
"780,781",780,781
"780,783",780,783
"780,1333",780,1333
"781,216",781,216
"781,477",781,477
"781,780",781,780
"781,783",781,783
"781,1333",781,1333
"782,783",782,783
"782,2580",782,2580
"782,2581",782,2581
"782,2582",782,2582
"782,2583",782,2583
"783,216",783,216
"783,477",783,477
"783,781",783,781
"783,782",783,782
"783,1333",783,1333
"784,8",784,8
"784,164",784,164
"784,455",784,455
"784,479",784,479
"784,481",784,481
"785,342",785,342
"785,481",785,481
"785,1425",785,1425
"785,2584",785,2584
"785,2585",785,2585
"786,1767",786,1767
"786,1768",786,1768
"786,1769",786,1769
"786,1770",786,1770
"786,1771",786,1771
"787,2586",787,2586
"787,2587",787,2587
"787,2588",787,2588
"787,2589",787,2589
"787,2590",787,2590
"788,927",788,927
"788,928",788,928
"788,929",788,929
"788,930",788,930
"788,931",788,931
"791,514",791,514
"791,790",791,790
"791,881",791,881
"791,1772",791,1772
"791,1773",791,1773
"792,525",792,525
"792,794",792,794
"792,932",792,932
"792,1774",792,1774
"792,1775",792,1775
"793,797",793,797
"793,932",793,932
"793,934",793,934
"793,1776",793,1776
"793,1777",793,1777
"794,524",794,524
"794,525",794,525
"794,796",794,796
"794,798",794,798
"794,933",794,933
"795,523",795,523
"795,932",795,932
"795,933",795,933
"795,934",795,934
"795,935",795,935
"796,524",796,524
"796,794",796,794
"796,797",796,797
"796,798",796,798
"796,934",796,934
"797,524",797,524
"797,796",797,796
"797,934",797,934
"797,935",797,935
"797,936",797,936
"798,223",798,223
"798,524",798,524
"798,794",798,794
"798,796",798,796
"798,937",798,937
"799,344",799,344
"799,526",799,526
"799,527",799,527
"799,529",799,529
"799,801",799,801
"800,344",800,344
"800,526",800,526
"800,527",800,527
"800,528",800,528
"800,738",800,738
"801,346",801,346
"801,1778",801,1778
"801,1779",801,1779
"801,1780",801,1780
"801,1781",801,1781
"802,541",802,541
"802,803",802,803
"802,805",802,805
"802,806",802,806
"802,1782",802,1782
"803,541",803,541
"803,802",803,802
"803,805",803,805
"803,806",803,806
"803,938",803,938
"804,541",804,541
"804,1334",804,1334
"804,1335",804,1335
"804,1336",804,1336
"804,1337",804,1337
"805,541",805,541
"805,802",805,802
"805,803",805,803
"805,806",805,806
"805,1782",805,1782
"806,541",806,541
"806,802",806,802
"806,803",806,803
"806,805",806,805
"806,1782",806,1782
"807,413",807,413
"807,548",807,548
"807,550",807,550
"807,551",807,551
"807,808",807,808
"808,370",808,370
"808,413",808,413
"808,548",808,548
"808,551",808,551
"808,807",808,807
"809,305",809,305
"809,342",809,342
"809,1783",809,1783
"809,1784",809,1784
"809,1785",809,1785
"810,120",810,120
"810,758",810,758
"810,939",810,939
"810,940",810,940
"810,941",810,941
"811,76",811,76
"811,284",811,284
"811,286",811,286
"811,306",811,306
"811,354",811,354
"812,439",812,439
"812,560",812,560
"812,761",812,761
"812,813",812,813
"812,814",812,814
"813,679",813,679
"813,1786",813,1786
"813,1787",813,1787
"813,1788",813,1788
"813,1789",813,1789
"814,439",814,439
"814,560",814,560
"814,761",814,761
"814,813",814,813
"814,2591",814,2591
"815,18",815,18
"815,458",815,458
"815,817",815,817
"815,1338",815,1338
"815,1339",815,1339
"816,458",816,458
"816,512",816,512
"816,566",816,566
"816,789",816,789
"816,942",816,942
"817,512",817,512
"817,942",817,942
"817,1382",817,1382
"817,1383",817,1383
"817,1790",817,1790
"818,165",818,165
"818,167",818,167
"818,458",818,458
"818,568",818,568
"818,617",818,617
"819,8",819,8
"819,687",819,687
"819,719",819,719
"819,820",819,820
"819,943",819,943
"820,167",820,167
"820,568",820,568
"820,819",820,819
"820,1791",820,1791
"820,1792",820,1792
"821,33",821,33
"821,94",821,94
"821,95",821,95
"821,489",821,489
"821,577",821,577
"822,94",822,94
"822,95",822,95
"822,489",822,489
"822,577",822,577
"822,821",822,821
"825,485",825,485
"825,582",825,582
"825,823",825,823
"825,826",825,826
"825,2592",825,2592
"827,186",827,186
"827,465",827,465
"827,466",827,466
"827,534",827,534
"827,584",827,584
"828,148",828,148
"828,210",828,210
"828,1921",828,1921
"828,2593",828,2593
"828,2594",828,2594
"829,210",829,210
"829,446",829,446
"829,565",829,565
"829,593",829,593
"829,830",829,830
"831,586",831,586
"831,601",831,601
"831,602",831,602
"831,832",831,832
"831,833",831,833
"832,600",832,600
"832,601",832,601
"832,602",832,602
"832,831",832,831
"832,833",832,833
"833,600",833,600
"833,601",833,601
"833,602",833,602
"833,831",833,831
"833,832",833,832
"834,29",834,29
"834,147",834,147
"834,603",834,603
"834,604",834,604
"834,605",834,605
"835,147",835,147
"835,606",835,606
"835,607",835,607
"835,2550",835,2550
"835,2595",835,2595
"836,612",836,612
"836,944",836,944
"836,945",836,945
"836,946",836,946
"836,947",836,947
"837,21",837,21
"837,98",837,98
"837,99",837,99
"837,2596",837,2596
"837,2597",837,2597
"838,36",838,36
"838,154",838,154
"838,155",838,155
"838,613",838,613
"838,614",838,614
"839,154",839,154
"839,614",839,614
"839,948",839,948
"839,949",839,949
"839,950",839,950
"840,30",840,30
"840,367",840,367
"840,368",840,368
"840,615",840,615
"840,951",840,951
"841,48",841,48
"841,156",841,156
"841,368",841,368
"841,615",841,615
"841,2598",841,2598
"842,166",842,166
"842,619",842,619
"842,952",842,952
"842,953",842,953
"842,954",842,954
"843,955",843,955
"843,956",843,956
"843,957",843,957
"843,958",843,958
"843,959",843,959
"844,166",844,166
"844,314",844,314
"844,619",844,619
"844,1386",844,1386
"844,2421",844,2421
"845,469",845,469
"845,470",845,470
"845,623",845,623
"845,1793",845,1793
"845,1794",845,1794
"846,191",846,191
"846,469",846,469
"846,470",846,470
"846,623",846,623
"846,845",846,845
"847,33",847,33
"847,56",847,56
"847,93",847,93
"847,624",847,624
"847,626",847,626
"848,93",848,93
"848,151",848,151
"848,429",848,429
"848,448",848,448
"848,766",848,766
"849,636",849,636
"849,1795",849,1795
"849,1796",849,1796
"849,1797",849,1797
"849,1798",849,1798
"850,636",850,636
"850,899",850,899
"850,1796",850,1796
"850,1825",850,1825
"850,2599",850,2599
"851,302",851,302
"851,636",851,636
"851,960",851,960
"851,961",851,961
"851,962",851,962
"852,142",852,142
"852,202",852,202
"852,473",852,473
"852,637",852,637
"852,638",852,638
"853,176",853,176
"853,1799",853,1799
"853,1800",853,1800
"853,1801",853,1801
"853,1802",853,1802
"854,183",854,183
"854,202",854,202
"854,1164",854,1164
"854,1939",854,1939
"854,2600",854,2600
"855,150",855,150
"855,205",855,205
"855,639",855,639
"855,641",855,641
"855,856",855,856
"856,150",856,150
"856,205",856,205
"856,206",856,206
"856,639",856,639
"856,640",856,640
"857,211",857,211
"857,643",857,643
"857,644",857,644
"857,858",857,858
"857,1340",857,1340
"858,211",858,211
"858,643",858,643
"858,859",858,859
"858,1724",858,1724
"858,1803",858,1803
"859,643",859,643
"859,644",859,644
"859,858",859,858
"859,1724",859,1724
"859,1803",859,1803
"860,651",860,651
"860,963",860,963
"860,964",860,964
"860,965",860,965
"860,966",860,966
"861,964",861,964
"861,967",861,967
"861,968",861,968
"861,969",861,969
"861,970",861,970
"862,18",862,18
"862,458",862,458
"862,952",862,952
"862,966",862,966
"862,1040",862,1040
"863,657",863,657
"863,864",863,864
"863,1341",863,1341
"863,1342",863,1342
"863,1343",863,1343
"864,657",864,657
"864,863",864,863
"864,1343",864,1343
"864,1804",864,1804
"864,1805",864,1805
"867,281",867,281
"867,482",867,482
"867,866",867,866
"867,2601",867,2601
"867,2602",867,2602
"868,662",868,662
"868,866",868,866
"868,869",868,869
"868,870",868,870
"868,1806",868,1806
"869,662",869,662
"869,866",869,866
"869,868",869,868
"869,870",869,870
"869,1807",869,1807
"870,662",870,662
"870,866",870,866
"870,1344",870,1344
"870,1345",870,1345
"870,1346",870,1346
"871,279",871,279
"871,669",871,669
"871,670",871,670
"871,671",871,671
"871,673",871,673
"872,279",872,279
"872,389",872,389
"872,670",872,670
"872,671",872,671
"872,971",872,971
"873,340",873,340
"873,356",873,356
"873,692",873,692
"873,874",873,874
"873,972",873,972
"874,302",874,302
"874,648",874,648
"874,754",874,754
"874,972",874,972
"874,1347",874,1347
"875,302",875,302
"875,1348",875,1348
"875,1349",875,1349
"875,1350",875,1350
"875,1351",875,1351
"876,86",876,86
"876,698",876,698
"876,753",876,753
"876,878",876,878
"876,1808",876,1808
"877,22",877,22
"877,39",877,39
"877,86",877,86
"877,1809",877,1809
"877,1810",877,1810
"878,38",878,38
"878,114",878,114
"878,434",878,434
"878,753",878,753
"878,1811",878,1811
"879,973",879,973
"879,974",879,974
"879,975",879,975
"879,976",879,976
"879,977",879,977
"880,881",880,881
"880,976",880,976
"880,978",880,978
"880,979",880,979
"880,2603",880,2603
"881,880",881,880
"881,976",881,976
"881,978",881,978
"881,979",881,979
"881,980",881,980
"882,974",882,974
"882,976",882,976
"882,1812",882,1812
"882,1813",882,1813
"882,1814",882,1814
"883,790",883,790
"883,975",883,975
"883,1815",883,1815
"883,1816",883,1816
"883,1817",883,1817
"884,28",884,28
"884,76",884,76
"884,78",884,78
"884,81",884,81
"884,2604",884,2604
"885,342",885,342
"885,481",885,481
"885,696",885,696
"885,1158",885,1158
"885,2605",885,2605
"886,342",886,342
"886,703",886,703
"886,884",886,884
"886,2604",886,2604
"886,2606",886,2606
"887,363",887,363
"887,708",887,708
"887,709",887,709
"887,710",887,710
"887,888",887,888
"888,363",888,363
"888,708",888,708
"888,709",888,709
"888,710",888,710
"888,887",888,887
"889,717",889,717
"889,981",889,981
"889,1201",889,1201
"889,1353",889,1353
"889,1818",889,1818
"890,889",890,889
"890,981",890,981
"890,982",890,982
"890,983",890,983
"890,984",890,984
"891,889",891,889
"891,980",891,980
"891,985",891,985
"891,986",891,986
"891,987",891,987
"892,889",892,889
"892,981",892,981
"892,986",892,986
"892,1045",892,1045
"892,1819",892,1819
"893,371",893,371
"893,717",893,717
"893,894",893,894
"893,1352",893,1352
"893,1353",893,1353
"894,717",894,717
"894,893",894,893
"894,895",894,895
"894,1352",894,1352
"894,1820",894,1820
"895,717",895,717
"895,893",895,893
"895,894",895,894
"895,1352",895,1352
"895,1353",895,1353
"896,717",896,717
"896,988",896,988
"896,989",896,989
"896,990",896,990
"896,991",896,991
"897,724",897,724
"897,1576",897,1576
"897,1821",897,1821
"897,1822",897,1822
"897,1823",897,1823
"898,899",898,899
"898,992",898,992
"898,993",898,993
"898,994",898,994
"898,995",898,995
"899,994",899,994
"899,1299",899,1299
"899,1576",899,1576
"899,1824",899,1824
"899,1825",899,1825
"900,480",900,480
"900,785",900,785
"900,2607",900,2607
"900,2608",900,2608
"900,2609",900,2609
"901,337",901,337
"901,725",901,725
"901,996",901,996
"901,997",901,997
"901,998",901,998
"902,337",902,337
"902,481",902,481
"902,785",902,785
"902,1465",902,1465
"902,1466",902,1466
"903,401",903,401
"903,726",903,726
"903,729",903,729
"903,904",903,904
"903,1354",903,1354
"904,894",904,894
"904,903",904,903
"904,1354",904,1354
"904,1355",904,1355
"904,1356",904,1356
"905,2610",905,2610
"905,2611",905,2611
"905,2612",905,2612
"905,2613",905,2613
"905,2614",905,2614
"906,741",906,741
"906,999",906,999
"906,1000",906,1000
"906,1001",906,1001
"906,1002",906,1002
"907,741",907,741
"907,1225",907,1225
"907,1357",907,1357
"907,1358",907,1358
"907,1359",907,1359
"908,346",908,346
"908,530",908,530
"908,741",908,741
"908,909",908,909
"908,2615",908,2615
"909,530",909,530
"909,740",909,740
"909,741",909,741
"909,1225",909,1225
"909,1360",909,1360
"910,747",910,747
"910,1003",910,1003
"910,1004",910,1004
"910,1005",910,1005
"910,1006",910,1006
"911,747",911,747
"911,748",911,748
"911,1005",911,1005
"911,1006",911,1006
"911,1757",911,1757
"912,417",912,417
"912,744",912,744
"912,746",912,746
"912,913",912,913
"912,1007",912,1007
"913,367",913,367
"913,368",913,368
"913,1361",913,1361
"913,1362",913,1362
"913,1363",913,1363
"914,97",914,97
"914,430",914,430
"914,751",914,751
"914,2616",914,2616
"914,2617",914,2617
"915,201",915,201
"915,435",915,435
"915,646",915,646
"915,755",915,755
"915,1364",915,1364
"916,435",916,435
"916,755",916,755
"916,756",916,756
"916,2618",916,2618
"916,2619",916,2619
"917,22",917,22
"917,37",917,37
"917,78",917,78
"917,877",917,877
"917,1365",917,1365
"918,108",918,108
"918,124",918,124
"918,126",918,126
"918,440",918,440
"918,762",918,762
"919,93",919,93
"919,429",919,429
"919,448",919,448
"919,449",919,449
"919,766",919,766
"920,117",920,117
"920,191",920,191
"920,469",920,469
"920,772",920,772
"920,1008",920,1008
"921,190",921,190
"921,772",921,772
"921,773",921,773
"921,1009",921,1009
"921,1010",921,1010
"922,621",922,621
"922,1011",922,1011
"922,1012",922,1012
"922,1013",922,1013
"922,1014",922,1014
"923,190",923,190
"923,1366",923,1366
"923,1367",923,1367
"923,1368",923,1368
"923,1369",923,1369
"924,777",924,777
"924,925",924,925
"924,1872",924,1872
"924,2620",924,2620
"924,2621",924,2621
"925,777",925,777
"925,1015",925,1015
"925,1016",925,1016
"925,1017",925,1017
"925,1018",925,1018
"926,470",926,470
"926,472",926,472
"926,572",926,572
"926,598",926,598
"926,1826",926,1826
"927,788",927,788
"927,930",927,930
"927,931",927,931
"927,1019",927,1019
"927,1020",927,1020
"928,317",928,317
"928,788",928,788
"928,1370",928,1370
"928,1371",928,1371
"928,1372",928,1372
"929,18",929,18
"929,429",929,429
"929,449",929,449
"929,788",929,788
"929,1566",929,1566
"930,27",930,27
"930,788",930,788
"930,927",930,927
"930,1019",930,1019
"930,1020",930,1020
"931,927",931,927
"931,930",931,930
"931,1090",931,1090
"931,1373",931,1373
"931,1374",931,1374
"932,524",932,524
"932,793",932,793
"932,797",932,797
"932,934",932,934
"932,1776",932,1776
"933,524",933,524
"933,794",933,794
"933,795",933,795
"933,2003",933,2003
"933,2622",933,2622
"934,797",934,797
"934,932",934,932
"934,935",934,935
"934,1021",934,1021
"934,1022",934,1022
"935,797",935,797
"935,934",935,934
"935,1021",935,1021
"935,1375",935,1375
"935,1376",935,1376
"936,797",936,797
"936,934",936,934
"936,1377",936,1377
"936,1378",936,1378
"936,1379",936,1379
"937,794",937,794
"937,796",937,796
"937,798",937,798
"937,1380",937,1380
"937,1381",937,1381
"938,512",938,512
"938,1023",938,1023
"938,1024",938,1024
"938,1025",938,1025
"938,1026",938,1026
"939,78",939,78
"939,81",939,81
"939,82",939,82
"939,556",939,556
"939,758",939,758
"940,541",940,541
"940,759",940,759
"940,1027",940,1027
"940,1028",940,1028
"940,1029",940,1029
"941,758",941,758
"941,1827",941,1827
"941,1828",941,1828
"941,1829",941,1829
"941,1830",941,1830
"942,512",942,512
"942,789",942,789
"942,1382",942,1382
"942,1383",942,1383
"942,1384",942,1384
"943,719",943,719
"943,1030",943,1030
"943,1031",943,1031
"943,1032",943,1032
"943,1033",943,1033
"944,612",944,612
"944,836",944,836
"944,945",944,945
"944,946",944,946
"944,1034",944,1034
"945,612",945,612
"945,836",945,836
"945,944",945,944
"945,946",945,946
"945,1034",945,1034
"946,612",946,612
"946,836",946,836
"946,944",946,944
"946,945",946,945
"946,1034",946,1034
"947,612",947,612
"947,836",947,836
"947,946",947,946
"947,1035",947,1035
"947,1036",947,1036
"948,1831",948,1831
"948,1832",948,1832
"948,1833",948,1833
"948,1834",948,1834
"948,1835",948,1835
"949,1836",949,1836
"949,1837",949,1837
"949,1838",949,1838
"949,1839",949,1839
"949,1840",949,1840
"950,61",950,61
"950,162",950,162
"950,2623",950,2623
"950,2624",950,2624
"950,2625",950,2625
"951,346",951,346
"951,397",951,397
"951,840",951,840
"951,1037",951,1037
"951,1038",951,1038
"952,965",952,965
"952,966",952,966
"952,1040",952,1040
"952,1841",952,1841
"952,1842",952,1842
"953,314",953,314
"953,619",953,619
"953,1385",953,1385
"953,1386",953,1386
"953,1387",953,1387
"954,165",954,165
"954,166",954,166
"954,965",954,965
"954,2626",954,2626
"954,2627",954,2627
"955,167",955,167
"955,956",955,956
"955,959",955,959
"955,1039",955,1039
"955,1040",955,1040
"956,311",956,311
"956,843",956,843
"956,955",956,955
"956,958",956,958
"956,959",956,959
"958,843",958,843
"958,955",958,955
"958,956",958,956
"958,959",958,959
"958,2628",958,2628
"959,843",959,843
"959,955",959,955
"959,956",959,956
"959,958",959,958
"959,1388",959,1388
"960,851",960,851
"960,2629",960,2629
"960,2630",960,2630
"960,2631",960,2631
"960,2632",960,2632
"961,1389",961,1389
"961,1390",961,1390
"961,1391",961,1391
"961,1392",961,1392
"961,1393",961,1393
"962,851",962,851
"962,961",962,961
"962,994",962,994
"962,1843",962,1843
"962,1844",962,1844
"963,860",963,860
"963,1759",963,1759
"963,1845",963,1845
"963,1846",963,1846
"963,1847",963,1847
"964,18",964,18
"964,681",964,681
"964,2633",964,2633
"964,2634",964,2634
"964,2635",964,2635
"965,167",965,167
"965,952",965,952
"965,966",965,966
"965,1040",965,1040
"965,1041",965,1041
"966,952",966,952
"966,1040",966,1040
"966,1841",966,1841
"966,1848",966,1848
"966,1849",966,1849
"967,2636",967,2636
"967,2637",967,2637
"967,2638",967,2638
"967,2639",967,2639
"967,2640",967,2640
"968,84",968,84
"968,167",968,167
"968,427",968,427
"968,1394",968,1394
"968,1395",968,1395
"969,1083",969,1083
"969,1093",969,1093
"969,1396",969,1396
"969,1397",969,1397
"969,1398",969,1398
"970,2641",970,2641
"970,2642",970,2642
"970,2643",970,2643
"970,2644",970,2644
"970,2645",970,2645
"971,359",971,359
"971,554",971,554
"971,670",971,670
"971,1042",971,1042
"971,1043",971,1043
"972,304",972,304
"972,532",972,532
"972,874",972,874
"972,1850",972,1850
"972,1851",972,1851
"973,881",973,881
"973,975",973,975
"973,976",973,976
"973,979",973,979
"973,2059",973,2059
"974,975",974,975
"974,976",974,976
"974,1399",974,1399
"974,1400",974,1400
"974,1401",974,1401
"975,1044",975,1044
"975,1399",975,1399
"975,1812",975,1812
"975,1814",975,1814
"975,1852",975,1852
"976,151",976,151
"976,880",976,880
"976,1044",976,1044
"976,2646",976,2646
"976,2647",976,2647
"977,974",977,974
"977,2059",977,2059
"977,2178",977,2178
"977,2648",977,2648
"977,2649",977,2649
"978,880",978,880
"978,881",978,881
"978,976",978,976
"978,979",978,979
"978,2650",978,2650
"979,880",979,880
"979,881",979,881
"979,976",979,976
"979,978",979,978
"979,1044",979,1044
"980,881",980,881
"980,976",980,976
"980,978",980,978
"980,979",980,979
"980,1853",980,1853
"981,889",981,889
"981,890",981,890
"981,982",981,982
"981,983",981,983
"981,1854",981,1854
"982,889",982,889
"982,983",982,983
"982,1402",982,1402
"982,1403",982,1403
"982,1404",982,1404
"983,317",983,317
"983,889",983,889
"983,1326",983,1326
"983,1855",983,1855
"983,1856",983,1856
"985,889",985,889
"985,890",985,890
"985,981",985,981
"985,1854",985,1854
"985,1857",985,1857
"986,889",986,889
"986,891",986,891
"986,892",986,892
"986,985",986,985
"986,1045",986,1045
"987,317",987,317
"987,1046",987,1046
"987,1047",987,1047
"987,1048",987,1048
"987,1049",987,1049
"988,717",988,717
"988,896",988,896
"988,989",988,989
"988,990",988,990
"988,991",988,991
"989,896",989,896
"989,988",989,988
"989,990",989,990
"989,991",989,991
"989,1405",989,1405
"990,896",990,896
"990,988",990,988
"990,989",990,989
"990,991",990,991
"990,1050",990,1050
"991,896",991,896
"991,988",991,988
"991,989",991,989
"991,990",991,990
"991,2651",991,2651
"993,302",993,302
"993,303",993,303
"993,1406",993,1406
"993,1407",993,1407
"993,1408",993,1408
"994,302",994,302
"994,898",994,898
"994,899",994,899
"994,962",994,962
"994,1051",994,1051
"995,302",995,302
"995,303",995,303
"995,1409",995,1409
"995,1410",995,1410
"995,1411",995,1411
"996,725",996,725
"996,901",996,901
"996,997",996,997
"996,998",996,998
"996,1052",996,1052
"997,901",997,901
"997,996",997,996
"997,998",997,998
"997,1052",997,1052
"997,1412",997,1412
"998,901",998,901
"998,996",998,996
"998,997",998,997
"998,1052",998,1052
"998,1412",998,1412
"999,248",999,248
"999,906",999,906
"999,1780",999,1780
"999,1858",999,1858
"999,1859",999,1859
"1000,906",1000,906
"1000,1001",1000,1001
"1000,1860",1000,1860
"1000,1861",1000,1861
"1000,1862",1000,1862
"1001,2652",1001,2652
"1001,2653",1001,2653
"1001,2654",1001,2654
"1001,2655",1001,2655
"1001,2656",1001,2656
"1002,906",1002,906
"1002,1863",1002,1863
"1003,910",1003,910
"1003,1004",1003,1004
"1003,1005",1003,1005
"1003,1006",1003,1006
"1003,1053",1003,1053
"1004,747",1004,747
"1004,910",1004,910
"1004,1003",1004,1003
"1004,1005",1004,1005
"1004,1053",1004,1053
"1005,747",1005,747
"1005,910",1005,910
"1005,1003",1005,1003
"1005,1004",1005,1004
"1005,1053",1005,1053
"1006,747",1006,747
"1006,910",1006,910
"1006,1003",1006,1003
"1006,1004",1006,1004
"1006,1053",1006,1053
"1007,1864",1007,1864
"1007,1865",1007,1865
"1007,1866",1007,1866
"1007,1867",1007,1867
"1007,1868",1007,1868
"1008,117",1008,117
"1008,194",1008,194
"1008,1764",1008,1764
"1008,1765",1008,1765
"1008,1869",1008,1869
"1009,1013",1009,1013
"1009,1054",1009,1054
"1009,1055",1009,1055
"1009,1056",1009,1056
"1009,1057",1009,1057
"1010,921",1010,921
"1010,1368",1010,1368
"1010,1413",1010,1413
"1010,1414",1010,1414
"1010,1415",1010,1415
"1011,922",1011,922
"1011,1012",1011,1012
"1011,1013",1011,1013
"1011,1870",1011,1870
"1011,1871",1011,1871
"1012,772",1012,772
"1012,921",1012,921
"1012,1011",1012,1011
"1012,1054",1012,1054
"1012,1416",1012,1416
"1013,1009",1013,1009
"1013,1054",1013,1054
"1013,1871",1013,1871
"1013,1896",1013,1896
"1013,2200",1013,2200
"1014,922",1014,922
"1014,1012",1014,1012
"1014,1058",1014,1058
"1014,1059",1014,1059
"1014,1060",1014,1060
"1015,151",1015,151
"1015,194",1015,194
"1015,469",1015,469
"1015,622",1015,622
"1015,1765",1015,1765
"1016,777",1016,777
"1016,925",1016,925
"1016,1015",1016,1015
"1016,1017",1016,1017
"1016,1872",1016,1872
"1017,845",1017,845
"1017,925",1017,925
"1017,1015",1017,1015
"1017,1016",1017,1016
"1017,1417",1017,1417
"1018,925",1018,925
"1018,1015",1018,1015
"1018,1873",1018,1873
"1018,1874",1018,1874
"1018,1875",1018,1875
"1019,1061",1019,1061
"1019,1062",1019,1062
"1019,1063",1019,1063
"1019,1064",1019,1064
"1019,1065",1019,1065
"1020,927",1020,927
"1020,1876",1020,1876
"1020,1877",1020,1877
"1020,1878",1020,1878
"1020,1879",1020,1879
"1021,934",1021,934
"1021,935",1021,935
"1021,1022",1021,1022
"1021,1375",1021,1375
"1021,1376",1021,1376
"1023,938",1023,938
"1023,1880",1023,1880
"1023,1881",1023,1881
"1023,1882",1023,1882
"1023,1883",1023,1883
"1026,938",1026,938
"1026,1024",1026,1024
"1026,1025",1026,1025
"1026,1884",1026,1884
"1026,1885",1026,1885
"1027,940",1027,940
"1027,1028",1027,1028
"1027,1029",1027,1029
"1027,1418",1027,1418
"1027,1419",1027,1419
"1028,940",1028,940
"1028,1027",1028,1027
"1028,1029",1028,1029
"1028,1418",1028,1418
"1028,1419",1028,1419
"1029,940",1029,940
"1029,1027",1029,1027
"1029,1028",1029,1028
"1029,1418",1029,1418
"1029,1419",1029,1419
"1030,687",1030,687
"1030,719",1030,719
"1030,943",1030,943
"1030,1031",1030,1031
"1030,1032",1030,1032
"1031,719",1031,719
"1031,943",1031,943
"1031,1030",1031,1030
"1031,1032",1031,1032
"1031,1033",1031,1033
"1032,719",1032,719
"1032,943",1032,943
"1032,1030",1032,1030
"1032,1031",1032,1031
"1032,1886",1032,1886
"1033,719",1033,719
"1033,943",1033,943
"1033,1030",1033,1030
"1033,1031",1033,1031
"1033,1032",1033,1032
"1034,612",1034,612
"1034,836",1034,836
"1034,944",1034,944
"1034,945",1034,945
"1034,946",1034,946
"1035,18",1035,18
"1035,21",1035,21
"1035,98",1035,98
"1035,149",1035,149
"1035,1066",1035,1066
"1036,612",1036,612
"1036,836",1036,836
"1036,944",1036,944
"1036,945",1036,945
"1036,1034",1036,1034
"1037,547",1037,547
"1037,951",1037,951
"1037,1038",1037,1038
"1037,1887",1037,1887
"1037,1888",1037,1888
"1038,346",1038,346
"1038,840",1038,840
"1038,951",1038,951
"1038,1361",1038,1361
"1038,1889",1038,1889
"1039,54",1039,54
"1039,167",1039,167
"1039,955",1039,955
"1039,2657",1039,2657
"1039,2658",1039,2658
"1040,428",1040,428
"1040,458",1040,458
"1040,952",1040,952
"1040,965",1040,965
"1040,966",1040,966
"1041,165",1041,165
"1041,167",1041,167
"1041,965",1041,965
"1041,1890",1041,1890
"1041,1891",1041,1891
"1042,359",1042,359
"1042,670",1042,670
"1042,971",1042,971
"1042,1420",1042,1420
"1042,1421",1042,1421
"1043,307",1043,307
"1043,359",1043,359
"1043,971",1043,971
"1043,1892",1043,1892
"1043,1893",1043,1893
"1044,975",1044,975
"1044,976",1044,976
"1044,979",1044,979
"1044,1894",1044,1894
"1044,1895",1044,1895
"1045,889",1045,889
"1045,892",1045,892
"1045,986",1045,986
"1045,1067",1045,1067
"1045,1068",1045,1068
"1046,317",1046,317
"1046,987",1046,987
"1046,1047",1046,1047
"1046,1048",1046,1048
"1046,1049",1046,1049
"1047,317",1047,317
"1047,987",1047,987
"1047,1046",1047,1046
"1047,1048",1047,1048
"1047,1049",1047,1049
"1048,317",1048,317
"1048,987",1048,987
"1048,1046",1048,1046
"1048,1047",1048,1047
"1048,1049",1048,1049
"1049,317",1049,317
"1049,987",1049,987
"1049,1046",1049,1046
"1049,1047",1049,1047
"1049,1048",1049,1048
"1050,717",1050,717
"1050,952",1050,952
"1050,1069",1050,1069
"1050,1070",1050,1070
"1050,1071",1050,1071
"1051,302",1051,302
